Date,Open,Close,label
08/08/2008,11432.08984,11734.32031,1
11/08/2008,11729.66992,11782.34961,1
12/08/2008,11781.7002,11642.46973,0
13/08/2008,11632.80957,11532.95996,0
14/08/2008,11532.07031,11615.92969,1
15/08/2008,11611.20996,11659.90039,1
18/08/2008,11659.65039,11479.38965,0
19/08/2008,11478.08984,11348.54981,0
20/08/2008,11345.94043,11417.42969,1
21/08/2008,11415.23047,11430.20996,1
22/08/2008,11426.79004,11628.05957,1
25/08/2008,11626.19043,11386.25,0
26/08/2008,11383.55957,11412.87012,1
27/08/2008,11412.45996,11502.50977,1
28/08/2008,11499.87012,11715.17969,1
29/08/2008,11713.23047,11543.95996,0
02/09/2008,11545.62988,11516.91992,0
03/09/2008,11506.00977,11532.87988,1
04/09/2008,11532.48047,11188.23047,0
05/09/2008,11185.62988,11220.95996,1
08/09/2008,11224.87012,11510.74023,1
09/09/2008,11514.73047,11230.73047,0
10/09/2008,11233.91016,11268.91992,1
11/09/2008,11264.44043,11433.70996,1
12/09/2008,11429.32031,11421.99023,0
15/09/2008,11416.37012,10917.50977,0
16/09/2008,10905.62012,11059.01953,1
17/09/2008,11056.58008,10609.66016,0
18/09/2008,10609.00977,11019.69043,1
19/09/2008,11027.50977,11388.44043,1
22/09/2008,11394.41992,11015.69043,0
23/09/2008,11015.69043,10854.16992,0
24/09/2008,10850.01953,10825.16992,0
25/09/2008,10827.16992,11022.05957,1
26/09/2008,11019.04004,11143.12988,1
29/09/2008,11139.62012,10365.4502,0
30/09/2008,10371.58008,10850.66016,1
01/10/2008,10847.40039,10831.07031,0
02/10/2008,10825.54004,10482.84961,0
03/10/2008,10483.95996,10325.37988,0
06/10/2008,10322.51953,9955.5,1
07/10/2008,9955.419922,9447.110352,0
08/10/2008,9437.230469,9258.099609,0
09/10/2008,9261.69043,8579.19043,0
10/10/2008,8568.669922,8451.19043,0
13/10/2008,8462.419922,9387.610352,1
14/10/2008,9388.969727,9310.990234,0
15/10/2008,9301.910156,8577.910156,0
16/10/2008,8577.040039,8979.259766,1
17/10/2008,8975.349609,8852.219727,0
20/10/2008,8852.299805,9265.429688,1
21/10/2008,9262.799805,9033.660156,0
22/10/2008,9027.839844,8519.209961,0
23/10/2008,8519.769531,8691.25,1
24/10/2008,8683.209961,8378.950195,0
27/10/2008,8375.919922,8175.77002,0
28/10/2008,8178.720215,9065.120117,1
29/10/2008,9062.330078,8990.959961,0
30/10/2008,9004.660156,9180.69043,1
31/10/2008,9179.089844,9325.009766,1
03/11/2008,9326.040039,9319.830078,0
04/11/2008,9323.889648,9625.280273,1
05/11/2008,9616.599609,9139.269531,0
06/11/2008,9134.009766,8695.790039,0
07/11/2008,8696.030273,8943.80957,1
10/11/2008,8946.599609,8870.540039,0
11/11/2008,8864.320312,8693.959961,0
12/11/2008,8684.519531,8282.660156,0
13/11/2008,8281.139648,8835.25,1
14/11/2008,8822.19043,8497.30957,0
17/11/2008,8494.839844,8273.580078,0
18/11/2008,8273.339844,8424.75,1
19/11/2008,8420.69043,7997.279785,0
20/11/2008,7995.529785,7552.290039,0
21/11/2008,7552.370117,8046.419922,1
24/11/2008,8048.089844,8443.389648,1
25/11/2008,8445.139648,8479.469727,1
26/11/2008,8464.490234,8726.610352,1
28/11/2008,8724.700195,8829.040039,1
01/12/2008,8826.889648,8149.089844,0
02/12/2008,8153.75,8419.089844,1
03/12/2008,8409.139648,8591.69043,1
04/12/2008,8587.070312,8376.240234,0
05/12/2008,8376.080078,8635.419922,1
08/12/2008,8637.650391,8934.179688,1
09/12/2008,8934.099609,8691.330078,0
10/12/2008,8693,8761.419922,1
11/12/2008,8750.129883,8565.089844,0
12/12/2008,8563.099609,8629.679688,1
15/12/2008,8628.80957,8564.530273,0
16/12/2008,8565.650391,8924.139648,1
17/12/2008,8921.910156,8824.339844,0
18/12/2008,8823.94043,8604.990234,0
19/12/2008,8606.5,8579.110352,0
22/12/2008,8573.370117,8519.69043,0
23/12/2008,8518.650391,8419.490234,0
24/12/2008,8416.860352,8468.480469,1
26/12/2008,8468.709961,8515.549805,1
29/12/2008,8515.870117,8483.929688,0
30/12/2008,8487.509766,8668.389648,1
31/12/2008,8666.480469,8776.389648,1
02/01/2009,8772.25,9034.69043,1
05/01/2009,9027.129883,8952.889648,0
06/01/2009,8954.570312,9015.099609,1
07/01/2009,8996.94043,8769.700195,0
08/01/2009,8769.94043,8742.459961,0
09/01/2009,8738.799805,8599.179688,0
12/01/2009,8599.259766,8473.969727,0
13/01/2009,8474.610352,8448.55957,0
14/01/2009,8446.009766,8200.139648,0
15/01/2009,8196.240234,8212.490234,1
16/01/2009,8215.669922,8281.219727,1
20/01/2009,8279.629883,7949.089844,0
21/01/2009,7949.169922,8228.099609,1
22/01/2009,8224.429688,8122.799805,0
23/01/2009,8108.790039,8077.560059,0
26/01/2009,8078.040039,8116.029785,1
27/01/2009,8117.390137,8174.72998,1
28/01/2009,8175.930176,8375.450195,1
29/01/2009,8373.05957,8149.009766,0
30/01/2009,8149.009766,8000.859863,0
02/02/2009,8000.620117,7936.75,0
03/02/2009,7936.990234,8078.359863,1
04/02/2009,8070.319824,7956.660156,0
05/02/2009,7954.830078,8063.069824,1
06/02/2009,8056.379883,8280.589844,1
09/02/2009,8281.379883,8270.870117,0
10/02/2009,8269.360352,7888.879883,0
11/02/2009,7887.049805,7939.529785,1
12/02/2009,7931.970215,7932.759766,1
13/02/2009,7933,7850.410156,0
17/02/2009,7845.629883,7552.600098,0
18/02/2009,7546.350098,7555.629883,1
19/02/2009,7555.22998,7465.950195,0
20/02/2009,7461.490234,7365.669922,0
23/02/2009,7365.990234,7114.779785,0
24/02/2009,7115.339844,7350.939941,1
25/02/2009,7349.580078,7270.890137,0
26/02/2009,7269.060059,7182.080078,0
27/02/2009,7180.970215,7062.930176,0
02/03/2009,7056.47998,6763.290039,0
03/03/2009,6764.810059,6726.02002,0
04/03/2009,6726.5,6875.839844,1
05/03/2009,6874.009766,6594.439941,0
06/03/2009,6595.160156,6626.939941,1
09/03/2009,6625.740234,6547.049805,0
10/03/2009,6547.009766,6926.490234,1
11/03/2009,6923.129883,6930.399902,1
12/03/2009,6932.390137,7170.060059,1
13/03/2009,7167.350098,7223.97998,1
16/03/2009,7225.330078,7216.970215,0
17/03/2009,7218,7395.700195,1
18/03/2009,7395.700195,7486.580078,1
19/03/2009,7489.680176,7400.799805,0
20/03/2009,7402.310059,7278.379883,0
23/03/2009,7279.25,7775.859863,1
24/03/2009,7773.470215,7659.970215,0
25/03/2009,7659.810059,7749.810059,1
26/03/2009,7752.359863,7924.560059,1
27/03/2009,7922.569824,7776.180176,0
30/03/2009,7773.310059,7522.02002,0
31/03/2009,7523.77002,7608.919922,1
01/04/2009,7606.129883,7761.600098,1
02/04/2009,7763.990234,7978.080078,1
03/04/2009,7980.629883,8017.589844,1
06/04/2009,8016.160156,7975.850098,0
07/04/2009,7968.919922,7789.560059,0
08/04/2009,7788.680176,7837.109863,1
09/04/2009,7839.890137,8083.379883,1
13/04/2009,8082.02002,8057.810059,0
14/04/2009,8057.410156,7920.180176,0
15/04/2009,7914.919922,8029.620117,1
16/04/2009,8029.140137,8125.430176,1
17/04/2009,8125.430176,8131.330078,1
20/04/2009,8128.939941,7841.72998,0
21/04/2009,7841.72998,7969.560059,1
22/04/2009,7964.779785,7886.569824,0
23/04/2009,7886.810059,7957.060059,1
24/04/2009,7957.450195,8076.290039,1
27/04/2009,8073.819824,8025,0
28/04/2009,8023.560059,8016.950195,0
29/04/2009,8018.310059,8185.72998,1
30/04/2009,8188.509766,8168.120117,0
01/05/2009,8167.410156,8212.410156,1
04/05/2009,8213.599609,8426.740234,1
05/05/2009,8425.549805,8410.650391,0
06/05/2009,8403.480469,8512.280273,1
07/05/2009,8512.280273,8409.849609,0
08/05/2009,8410.730469,8574.650391,1
11/05/2009,8569.230469,8418.769531,0
12/05/2009,8419.169922,8469.110352,1
13/05/2009,8461.799805,8284.889648,0
14/05/2009,8285.919922,8331.320312,1
15/05/2009,8326.219727,8268.639648,0
18/05/2009,8270.150391,8504.080078,1
19/05/2009,8502.480469,8474.849609,0
20/05/2009,8471.820312,8422.040039,0
21/05/2009,8416.070312,8292.129883,0
22/05/2009,8292.209961,8277.320312,0
26/05/2009,8277.320312,8473.490234,1
27/05/2009,8473.650391,8300.019531,0
28/05/2009,8300.5,8403.799805,1
29/05/2009,8404.040039,8500.330078,1
01/06/2009,8501.530273,8721.44043,1
02/06/2009,8721.599609,8740.870117,1
03/06/2009,8740.070312,8675.240234,0
04/06/2009,8675.280273,8750.240234,1
05/06/2009,8751.75,8763.129883,1
08/06/2009,8759.349609,8764.490234,1
09/06/2009,8764.830078,8763.05957,0
10/06/2009,8763.660156,8739.019531,0
11/06/2009,8736.230469,8770.919922,1
12/06/2009,8770.009766,8799.259766,1
15/06/2009,8798.5,8612.129883,0
16/06/2009,8612.44043,8504.669922,0
17/06/2009,8504.360352,8497.179688,0
18/06/2009,8496.730469,8555.599609,1
19/06/2009,8556.959961,8539.730469,0
22/06/2009,8538.519531,8339.009766,0
23/06/2009,8340.44043,8322.910156,0
24/06/2009,8323.509766,8299.860352,0
25/06/2009,8299.25,8472.400391,1
26/06/2009,8468.540039,8438.389648,0
29/06/2009,8440.129883,8529.379883,1
30/06/2009,8528.929688,8447,0
01/07/2009,8447.530273,8504.05957,1
02/07/2009,8503,8280.740234,0
06/07/2009,8280.740234,8324.870117,1
07/07/2009,8324.950195,8163.600098,0
08/07/2009,8163.600098,8178.410156,1
09/07/2009,8179.009766,8183.169922,1
10/07/2009,8182.490234,8146.52002,0
13/07/2009,8146.52002,8331.679688,1
14/07/2009,8331.370117,8359.490234,1
15/07/2009,8363.950195,8616.209961,1
16/07/2009,8612.660156,8711.820312,1
17/07/2009,8711.889648,8743.94043,1
20/07/2009,8746.049805,8848.150391,1
21/07/2009,8848.150391,8915.94043,1
22/07/2009,8912.389648,8881.259766,0
23/07/2009,8882.30957,9069.290039,1
24/07/2009,9066.110352,9093.240234,1
27/07/2009,9093.089844,9108.509766,1
28/07/2009,9106.919922,9096.719727,0
29/07/2009,9092.339844,9070.719727,0
30/07/2009,9072.839844,9154.459961,1
31/07/2009,9154.610352,9171.610352,1
03/08/2009,9173.650391,9286.55957,1
04/08/2009,9285.049805,9320.19043,1
05/08/2009,9315.360352,9280.969727,0
06/08/2009,9277.19043,9256.259766,0
07/08/2009,9258.450195,9370.070312,1
10/08/2009,9368.410156,9337.950195,0
11/08/2009,9334.330078,9241.450195,0
12/08/2009,9236.05957,9361.610352,1
13/08/2009,9362.290039,9398.19043,1
14/08/2009,9398.040039,9321.400391,0
17/08/2009,9313.849609,9135.339844,0
18/08/2009,9134.360352,9217.94043,1
19/08/2009,9208.679688,9279.160156,1
20/08/2009,9278.549805,9350.049805,1
21/08/2009,9347.860352,9505.959961,1
24/08/2009,9506.179688,9509.280273,1
25/08/2009,9509.209961,9539.290039,1
26/08/2009,9538.610352,9543.519531,1
27/08/2009,9541.629883,9580.629883,1
28/08/2009,9582.740234,9544.200195,0
31/08/2009,9542.910156,9496.280273,0
01/09/2009,9492.320312,9310.599609,0
02/09/2009,9306.209961,9280.669922,0
03/09/2009,9282.030273,9344.610352,1
04/09/2009,9345.360352,9441.269531,1
08/09/2009,9440.129883,9497.339844,1
09/09/2009,9496.589844,9547.219727,1
10/09/2009,9546.540039,9627.480469,1
11/09/2009,9625.44043,9605.410156,0
14/09/2009,9598.080078,9626.799805,1
15/09/2009,9626.419922,9683.410156,1
16/09/2009,9683.709961,9791.709961,1
17/09/2009,9789.820312,9783.919922,0
18/09/2009,9784.75,9820.200195,1
21/09/2009,9818.610352,9778.860352,0
22/09/2009,9779.610352,9829.870117,1
23/09/2009,9830.629883,9748.549805,0
24/09/2009,9749.990234,9707.44043,0
25/09/2009,9706.679688,9665.19043,0
28/09/2009,9663.230469,9789.360352,1
29/09/2009,9789.740234,9742.200195,0
30/09/2009,9741.830078,9712.280273,0
01/10/2009,9711.599609,9509.280273,0
02/10/2009,9507.620117,9487.669922,0
05/10/2009,9488.730469,9599.75,1
06/10/2009,9601.259766,9731.25,1
07/10/2009,9725.69043,9725.580078,0
08/10/2009,9728.219727,9786.870117,1
09/10/2009,9786.040039,9864.94043,1
12/10/2009,9865.240234,9885.799805,1
13/10/2009,9883.980469,9871.05957,0
14/10/2009,9873.549805,10015.86035,0
15/10/2009,10014.87988,10062.94043,1
16/10/2009,10061.36035,9995.910156,1
19/10/2009,9996.669922,10092.19043,0
20/10/2009,10092.41992,10041.48047,0
21/10/2009,10038.83984,9949.360352,1
22/10/2009,9946.179688,10081.30957,0
23/10/2009,10099.90039,9972.179688,1
26/10/2009,9972.330078,9867.959961,0
27/10/2009,9868.339844,9882.169922,1
28/10/2009,9881.110352,9762.69043,0
29/10/2009,9762.910156,9962.580078,1
30/10/2009,9961.519531,9712.730469,0
02/11/2009,9712.129883,9789.44043,1
03/11/2009,9787.469727,9771.910156,0
04/11/2009,9767.299805,9802.139648,1
05/11/2009,9807.799805,10005.95996,0
06/11/2009,10001.34961,10023.41992,1
09/11/2009,10020.62012,10226.94043,1
10/11/2009,10223.00977,10246.96973,1
11/11/2009,10247.41992,10291.25977,1
12/11/2009,10289.82031,10197.46973,0
13/11/2009,10197.84961,10270.46973,1
16/11/2009,10267.53027,10406.95996,1
17/11/2009,10404.76953,10437.41992,1
18/11/2009,10426.26953,10426.30957,1
19/11/2009,10425.33008,10332.44043,0
20/11/2009,10327.91016,10318.16016,0
23/11/2009,10320.12988,10450.9502,1
24/11/2009,10451.25,10433.70996,0
25/11/2009,10432.95996,10464.40039,1
27/11/2009,10452.23047,10309.91992,0
30/11/2009,10309.76953,10344.83984,1
01/12/2009,10343.82031,10471.58008,1
02/12/2009,10470.44043,10452.67969,0
03/12/2009,10455.62988,10366.15039,0
04/12/2009,10368.57031,10388.90039,1
07/12/2009,10386.86035,10390.11035,1
08/12/2009,10385.41992,10285.96973,0
09/12/2009,10282.84961,10337.04981,1
10/12/2009,10336,10405.83008,1
11/12/2009,10403.41016,10471.5,1
14/12/2009,10471.28027,10501.04981,1
15/12/2009,10499.30957,10452,0
16/12/2009,10449.80957,10441.12012,0
17/12/2009,10439.99023,10308.25977,0
18/12/2009,10309.38965,10328.88965,1
21/12/2009,10330.09961,10414.13965,1
22/12/2009,10414.66992,10464.92969,1
23/12/2009,10464.32031,10466.44043,1
24/12/2009,10467.12012,10520.08984,1
28/12/2009,10517.91016,10547.08008,1
29/12/2009,10547.83008,10545.41016,0
30/12/2009,10544.36035,10548.50977,1
31/12/2009,10548.50977,10428.04981,0
04/01/2010,10430.69043,10583.95996,1
05/01/2010,10584.55957,10572.01953,0
06/01/2010,10564.71973,10573.67969,1
07/01/2010,10571.11035,10606.86035,1
08/01/2010,10606.40039,10618.19043,1
11/01/2010,10620.30957,10663.99023,1
12/01/2010,10662.86035,10627.25977,0
13/01/2010,10628.08984,10680.76953,1
14/01/2010,10680.16016,10710.54981,1
15/01/2010,10706.99023,10609.65039,0
19/01/2010,10608.37012,10725.42969,1
20/01/2010,10719.69043,10603.15039,0
21/01/2010,10603.91016,10389.87988,0
22/01/2010,10389.58008,10172.98047,0
25/01/2010,10175.09961,10196.86035,1
26/01/2010,10195.34961,10194.29004,0
27/01/2010,10194.29004,10236.16016,1
28/01/2010,10236.91992,10120.45996,0
29/01/2010,10122.04004,10067.33008,0
01/02/2010,10068.99023,10185.53027,1
02/02/2010,10186.12988,10296.84961,1
03/02/2010,10291.73047,10270.54981,0
04/02/2010,10273.12012,10002.17969,0
05/02/2010,10003.69043,10012.23047,1
08/02/2010,10005.42969,9908.389648,1
09/02/2010,9910.280273,10058.63965,0
10/02/2010,10055.45996,10038.37988,0
11/02/2010,10037.84961,10144.19043,1
12/02/2010,10137.23047,10099.13965,0
16/02/2010,10100.80957,10268.80957,1
17/02/2010,10261.48047,10309.24023,1
18/02/2010,10309.38965,10392.90039,1
19/02/2010,10387.76953,10402.34961,1
22/02/2010,10402.42969,10383.37988,0
23/02/2010,10383.16016,10282.41016,0
24/02/2010,10284,10374.16016,1
25/02/2010,10366.59961,10321.03027,0
26/02/2010,10321.41016,10325.25977,1
01/03/2010,10326.09961,10403.79004,1
02/03/2010,10404.16016,10405.98047,1
03/03/2010,10406.28027,10396.75977,0
04/03/2010,10396.53027,10444.13965,1
05/03/2010,10445.12988,10566.2002,1
08/03/2010,10563.78027,10552.51953,0
09/03/2010,10552.24023,10564.37988,1
10/03/2010,10560.12988,10567.33008,1
11/03/2010,10560.98047,10611.83984,1
12/03/2010,10611.76953,10624.69043,1
15/03/2010,10623.41016,10642.15039,1
16/03/2010,10642.53027,10685.98047,1
17/03/2010,10686.36035,10733.66992,1
18/03/2010,10733.44043,10779.16992,1
19/03/2010,10780,10741.98047,0
22/03/2010,10741,10785.88965,1
23/03/2010,10787.17969,10888.83008,1
24/03/2010,10887.62012,10836.15039,0
25/03/2010,10837.50977,10841.20996,1
26/03/2010,10841.29004,10850.36035,1
29/03/2010,10849.23047,10895.86035,1
30/03/2010,10895.01953,10907.41992,1
31/03/2010,10907.33984,10856.62988,0
01/04/2010,10857.30957,10927.07031,1
05/04/2010,10927.4502,10973.54981,1
06/04/2010,10972.49023,10969.99023,0
07/04/2010,10961.9502,10897.51953,0
08/04/2010,10896.99023,10927.07031,1
09/04/2010,10926.91992,10997.34961,1
12/04/2010,10996.75,11005.96973,1
13/04/2010,11006.71973,11019.41992,1
14/04/2010,11020.7002,11123.11035,1
15/04/2010,11122.95996,11144.57031,1
16/04/2010,11143.66016,11018.66016,0
19/04/2010,11018.36035,11092.04981,1
20/04/2010,11093.11035,11117.05957,1
21/04/2010,11116.91016,11124.91992,1
22/04/2010,11119.78027,11134.29004,1
23/04/2010,11132.17969,11204.28027,1
26/04/2010,11205.11035,11205.03027,0
27/04/2010,11203.66992,10991.99023,0
28/04/2010,10988.87012,11045.26953,1
29/04/2010,11045.63965,11167.32031,1
30/04/2010,11168.23047,11008.61035,0
03/05/2010,11009.59961,11151.83008,1
04/05/2010,11149.48047,10926.76953,0
05/05/2010,10918.40039,10866.83008,0
06/05/2010,10868.12012,10520.32031,0
07/05/2010,10519.41992,10380.42969,0
10/05/2010,10386.17969,10785.13965,1
11/05/2010,10780,10748.25977,0
12/05/2010,10742.15039,10896.91016,1
13/05/2010,10896.61035,10782.9502,0
14/05/2010,10780.67969,10620.16016,0
17/05/2010,10616.98047,10625.83008,1
18/05/2010,10625.4502,10510.9502,0
19/05/2010,10505.7002,10444.37012,0
20/05/2010,10440.20996,10068.00977,0
21/05/2010,10063.92969,10193.38965,1
24/05/2010,10193.45996,10066.57031,0
25/05/2010,10061.42969,10043.75,0
26/05/2010,10045.11035,9974.450195,1
27/05/2010,9971.730469,10258.99023,0
28/05/2010,10258,10136.62988,0
01/06/2010,10133.94043,10024.01953,0
02/06/2010,10025.61035,10249.54004,1
03/06/2010,10250.66992,10255.28027,1
04/06/2010,10249.61035,9931.969727,1
07/06/2010,9931.75,9816.490234,0
08/06/2010,9812.94043,9939.980469,1
09/06/2010,9941.570312,9899.25,0
10/06/2010,9901.669922,10172.53027,0
11/06/2010,10166.78027,10211.07031,1
14/06/2010,10211.83008,10190.88965,0
15/06/2010,10192.40039,10404.76953,1
16/06/2010,10404.24023,10409.45996,1
17/06/2010,10409.98047,10434.16992,1
18/06/2010,10435,10450.63965,1
21/06/2010,10452.45996,10442.41016,0
22/06/2010,10441.9502,10293.51953,0
23/06/2010,10293.29981,10298.44043,1
24/06/2010,10297.08008,10152.79981,0
25/06/2010,10153.48047,10143.80957,0
28/06/2010,10143.04981,10138.51953,0
29/06/2010,10135.71973,9870.299805,1
30/06/2010,9868.339844,9774.019531,0
01/07/2010,9773.269531,9732.530273,0
02/07/2010,9732.530273,9686.480469,0
06/07/2010,9686.480469,9743.620117,1
07/07/2010,9743.620117,10018.28027,0
08/07/2010,10019.25977,10138.99023,1
09/07/2010,10138.99023,10198.03027,1
12/07/2010,10199.24023,10216.26953,1
13/07/2010,10217.54981,10363.01953,1
14/07/2010,10370.95996,10366.71973,0
15/07/2010,10367.09961,10359.30957,0
16/07/2010,10356.2002,10097.90039,0
19/07/2010,10098.12012,10154.42969,1
20/07/2010,10151.48047,10229.95996,1
21/07/2010,10226.01953,10120.53027,0
22/07/2010,10121.80957,10322.29981,1
23/07/2010,10321.16016,10424.62012,1
26/07/2010,10424.16992,10525.42969,1
27/07/2010,10525.28027,10537.69043,1
28/07/2010,10537.00977,10497.87988,0
29/07/2010,10498.94043,10467.16016,0
30/07/2010,10465.19043,10465.94043,1
02/08/2010,10468.82031,10674.37988,1
03/08/2010,10673.91992,10636.37988,0
04/08/2010,10630.2002,10680.42969,1
05/08/2010,10679.66992,10674.98047,0
06/08/2010,10668.54981,10653.55957,0
09/08/2010,10654.62012,10698.75,1
10/08/2010,10696.62988,10644.25,0
11/08/2010,10631.82031,10378.83008,0
12/08/2010,10361.58008,10319.9502,0
13/08/2010,10320.33008,10303.15039,0
16/08/2010,10303.07031,10302.00977,0
17/08/2010,10297.62988,10405.84961,1
18/08/2010,10398.58984,10415.54004,1
19/08/2010,10411.15039,10271.20996,0
20/08/2010,10270.98047,10213.62012,0
23/08/2010,10215.50977,10174.41016,0
24/08/2010,10173.04981,10040.4502,0
25/08/2010,10040.15039,10060.05957,1
26/08/2010,10059.90039,9985.80957,1
27/08/2010,9982.179688,10150.65039,0
30/08/2010,10145.58008,10009.73047,0
31/08/2010,10006.41992,10014.71973,1
01/09/2010,10016.00977,10269.46973,1
02/09/2010,10270.08008,10320.09961,1
03/09/2010,10321.91992,10447.92969,1
07/09/2010,10446.79981,10340.69043,0
08/09/2010,10338.49023,10387.00977,1
09/09/2010,10388.13965,10415.24023,1
10/09/2010,10415.00977,10462.76953,1
13/09/2010,10458.59961,10544.12988,1
14/09/2010,10544.73047,10526.49023,0
15/09/2010,10526.41992,10572.73047,1
16/09/2010,10571.75,10594.83008,1
17/09/2010,10595.54981,10607.84961,1
20/09/2010,10608.08008,10753.62012,1
21/09/2010,10753.38965,10761.03027,1
22/09/2010,10761.11035,10739.30957,0
23/09/2010,10738.48047,10662.41992,0
24/09/2010,10664.38965,10860.25977,1
27/09/2010,10860.03027,10812.04004,0
28/09/2010,10809.16992,10858.13965,1
29/09/2010,10857.98047,10835.28027,0
30/09/2010,10836.04004,10788.04981,0
01/10/2010,10789.71973,10829.67969,1
04/10/2010,10828.84961,10751.26953,0
05/10/2010,10752.78027,10944.71973,1
06/10/2010,10936.79004,10967.65039,1
07/10/2010,10968.41016,10948.58008,0
08/10/2010,10948.5,11006.48047,1
11/10/2010,11006.92969,11010.33984,1
12/10/2010,11010.79004,11020.40039,1
13/10/2010,11022.82031,11096.08008,1
14/10/2010,11096.99023,11094.57031,0
15/10/2010,11096.00977,11062.78027,0
18/10/2010,11062.62988,11143.69043,1
19/10/2010,11139.59961,10978.62012,0
20/10/2010,10974.51953,11107.96973,1
21/10/2010,11105.24023,11146.57031,1
22/10/2010,11146.41016,11132.55957,0
25/10/2010,11133.40039,11164.04981,1
26/10/2010,11163.13965,11169.45996,1
27/10/2010,11168.40039,11126.28027,0
28/10/2010,11127.33984,11113.9502,0
29/10/2010,11120.4502,11118.49023,0
01/11/2010,11120.29981,11124.62012,1
02/11/2010,11125.21973,11188.71973,1
03/11/2010,11184.87988,11215.12988,1
04/11/2010,11216.65039,11434.83984,1
05/11/2010,11435.21973,11444.08008,1
08/11/2010,11439.54004,11406.83984,0
09/11/2010,11403.58984,11346.75,0
10/11/2010,11342.80957,11357.04004,1
11/11/2010,11326.69043,11283.09961,0
12/11/2010,11281.28027,11192.58008,0
15/11/2010,11194.01953,11201.96973,1
16/11/2010,11194.7002,11023.5,0
17/11/2010,11017.83008,11007.87988,0
18/11/2010,11010.49023,11181.23047,1
19/11/2010,11180.76953,11203.54981,1
22/11/2010,11201.66016,11178.58008,0
23/11/2010,11177.59961,11036.37012,0
24/11/2010,11037.34961,11187.28027,1
26/11/2010,11183.5,11091.87012,0
29/11/2010,11083.75,11052.49023,0
30/11/2010,11049.71973,11006.01953,0
01/12/2010,11007.23047,11255.78027,1
02/12/2010,11255.92969,11362.41016,1
03/12/2010,11361.87988,11382.08984,1
06/12/2010,11381.33008,11362.19043,0
07/12/2010,11363.84961,11359.16016,0
08/12/2010,11354.4502,11372.48047,1
09/12/2010,11370.44043,11370.05957,0
10/12/2010,11370.05957,11410.32031,1
13/12/2010,11406.16016,11428.55957,1
14/12/2010,11429.24023,11476.54004,1
15/12/2010,11475.63965,11457.46973,0
16/12/2010,11457.92969,11499.25,1
17/12/2010,11499.01953,11491.91016,0
20/12/2010,11491.29981,11478.12988,0
21/12/2010,11478.36035,11533.16016,1
22/12/2010,11532.16992,11559.49023,1
23/12/2010,11559.11035,11573.49023,1
27/12/2010,11572.80957,11555.03027,0
28/12/2010,11554.79981,11575.54004,1
29/12/2010,11572.74023,11585.37988,1
30/12/2010,11585.37988,11569.70996,0
31/12/2010,11569.33008,11577.50977,1
03/01/2011,11577.42969,11670.75,1
04/01/2011,11670.90039,11691.17969,1
05/01/2011,11688.61035,11722.88965,1
06/01/2011,11716.92969,11697.30957,0
07/01/2011,11696.86035,11674.75977,0
10/01/2011,11672.33984,11637.4502,0
11/01/2011,11638.50977,11671.87988,1
12/01/2011,11673.62012,11755.44043,1
13/01/2011,11753.7002,11731.90039,0
14/01/2011,11732.12988,11787.37988,1
18/01/2011,11783.82031,11837.92969,1
19/01/2011,11834.20996,11825.29004,0
20/01/2011,11823.7002,11822.79981,0
21/01/2011,11822.9502,11871.83984,1
24/01/2011,11873.42969,11980.51953,1
25/01/2011,11980.51953,11977.19043,0
26/01/2011,11978.84961,11985.44043,1
27/01/2011,11985.36035,11989.83008,1
28/01/2011,11990.36035,11823.7002,0
31/01/2011,11824.38965,11891.92969,1
01/02/2011,11892.5,12040.16016,1
02/02/2011,12038.26953,12041.96973,1
03/02/2011,12040.67969,12062.25977,1
04/02/2011,12061.73047,12092.15039,1
07/02/2011,12092.37988,12161.62988,1
08/02/2011,12152.7002,12233.15039,1
09/02/2011,12229.29004,12239.88965,1
10/02/2011,12239.66016,12229.29004,0
11/02/2011,12227.78027,12273.25977,1
14/02/2011,12266.83008,12268.19043,1
15/02/2011,12266.75,12226.63965,0
16/02/2011,12219.79004,12288.16992,1
17/02/2011,12287.71973,12318.13965,1
18/02/2011,12318.66992,12391.25,1
22/02/2011,12389.74023,12212.79004,0
23/02/2011,12211.80957,12105.78027,0
24/02/2011,12104.55957,12068.5,0
25/02/2011,12060.92969,12130.4502,1
28/02/2011,12130.4502,12226.33984,1
01/03/2011,12226.49023,12058.01953,0
02/03/2011,12057.33984,12066.79981,1
03/03/2011,12068.00977,12258.2002,1
04/03/2011,12258.87988,12169.87988,0
07/03/2011,12171.08984,12090.03027,0
08/03/2011,12085.87012,12214.37988,1
09/03/2011,12211.16016,12213.08984,1
10/03/2011,12211.42969,11984.61035,0
11/03/2011,11976.95996,12044.40039,1
14/03/2011,12042.12988,11993.16016,0
15/03/2011,11988.69043,11855.41992,0
16/03/2011,11854.2002,11613.29981,0
17/03/2011,11614.88965,11774.58984,1
18/03/2011,11777.23047,11858.51953,1
21/03/2011,11860.11035,12036.53027,1
22/03/2011,12036.37012,12018.62988,0
23/03/2011,12018.40039,12086.01953,1
24/03/2011,12087.54004,12170.55957,1
25/03/2011,12170.70996,12220.58984,1
28/03/2011,12221.19043,12197.87988,0
29/03/2011,12194.48047,12279.00977,1
30/03/2011,12280.07031,12350.61035,1
31/03/2011,12350.75977,12319.73047,0
01/04/2011,12321.01953,12376.71973,1
04/04/2011,12374.59961,12400.03027,1
05/04/2011,12402.08008,12393.90039,0
06/04/2011,12386.66016,12426.75,1
07/04/2011,12426.4502,12409.49023,0
08/04/2011,12409.87012,12380.04981,0
11/04/2011,12380.42969,12381.11035,1
12/04/2011,12381.19043,12263.58008,0
13/04/2011,12263.65039,12270.99023,1
14/04/2011,12270.24023,12285.15039,1
15/04/2011,12285.4502,12341.83008,1
18/04/2011,12339.70996,12201.58984,0
19/04/2011,12201.44043,12266.75,1
20/04/2011,12266.75,12453.54004,1
21/04/2011,12453.62012,12505.99023,1
25/04/2011,12505.99023,12479.87988,0
26/04/2011,12480.86035,12595.37012,1
27/04/2011,12592.23047,12690.95996,1
28/04/2011,12689.90039,12763.30957,1
29/04/2011,12763.45996,12810.54004,1
02/05/2011,12810.16016,12807.36035,0
03/05/2011,12806.37988,12807.50977,1
04/05/2011,12806.29004,12723.58008,0
05/05/2011,12723.65039,12584.16992,0
06/05/2011,12580.75977,12638.74023,1
09/05/2011,12637.83008,12684.67969,1
10/05/2011,12685.12988,12760.36035,1
11/05/2011,12745.87012,12630.03027,0
12/05/2011,12629.95996,12695.91992,1
13/05/2011,12695.65039,12595.75,0
16/05/2011,12594.76953,12548.37012,0
17/05/2011,12541.33008,12479.58008,0
18/05/2011,12471.78027,12560.17969,1
19/05/2011,12561.45996,12605.32031,1
20/05/2011,12604.71973,12512.04004,0
23/05/2011,12511.36035,12381.25977,0
24/05/2011,12381.57031,12356.20996,0
25/05/2011,12355.4502,12394.66016,1
26/05/2011,12391.62988,12402.75977,1
27/05/2011,12398.05957,12441.58008,1
31/05/2011,12443.40039,12569.79004,1
01/06/2011,12569.41016,12290.13965,0
02/06/2011,12289.61035,12248.54981,0
03/06/2011,12247.79981,12151.25977,0
06/06/2011,12151.19043,12089.95996,0
07/06/2011,12090.17969,12070.80957,0
08/06/2011,12066.26953,12048.94043,0
09/06/2011,12049.46973,12124.36035,1
10/06/2011,12124.16992,11951.91016,0
13/06/2011,11945.33008,11952.96973,1
14/06/2011,11951.37988,12076.11035,1
15/06/2011,12075.12012,11897.26953,0
16/06/2011,11896.12988,11961.51953,1
17/06/2011,11962.66016,12004.36035,1
20/06/2011,12004.28027,12080.37988,1
21/06/2011,12081.33008,12190.00977,1
22/06/2011,12189.70996,12109.66992,0
23/06/2011,12108.34961,12050,0
24/06/2011,12049.24023,11934.58008,0
27/06/2011,11934.66016,12043.55957,1
28/06/2011,12043.55957,12188.69043,1
29/06/2011,12187.62988,12261.41992,1
30/06/2011,12262.25,12414.33984,1
01/07/2011,12414.33984,12582.76953,1
05/07/2011,12569.87012,12569.87012,0
06/07/2011,12562.46973,12626.01953,1
07/07/2011,12627.23047,12719.49023,1
08/07/2011,12717.90039,12657.2002,0
11/07/2011,12655.62012,12505.75977,0
12/07/2011,12505.54004,12446.87988,0
13/07/2011,12447.33008,12491.61035,1
14/07/2011,12491.53027,12437.12012,0
15/07/2011,12437.12012,12479.73047,1
18/07/2011,12475.11035,12385.16016,0
19/07/2011,12386.03027,12587.41992,1
20/07/2011,12583.67969,12571.91016,0
21/07/2011,12567.07031,12724.41016,1
22/07/2011,12724.70996,12681.16016,0
25/07/2011,12679.71973,12592.79981,0
26/07/2011,12592.12012,12501.29981,0
27/07/2011,12498.41992,12302.54981,0
28/07/2011,12301.71973,12240.11035,0
29/07/2011,12239.36035,12143.24023,0
01/08/2011,12144.21973,12132.49023,0
02/08/2011,12129.76953,11866.62012,0
03/08/2011,11863.74023,11896.44043,1
04/08/2011,11893.86035,11383.67969,0
05/08/2011,11383.98047,11444.61035,1
08/08/2011,11433.92969,10809.84961,0
09/08/2011,10810.91016,11239.76953,1
10/08/2011,11228,10719.94043,0
11/08/2011,10729.84961,11143.30957,1
12/08/2011,11143.45996,11269.01953,1
15/08/2011,11269.84961,11482.90039,1
16/08/2011,11480.48047,11405.92969,0
17/08/2011,11392.00977,11410.20996,1
18/08/2011,11406.26953,10990.58008,0
19/08/2011,10989.75,10817.65039,0
22/08/2011,10820.37012,10854.65039,1
23/08/2011,10854.58008,11176.75977,1
24/08/2011,11175.78027,11320.70996,1
25/08/2011,11321.01953,11149.82031,0
26/08/2011,11149.82031,11284.54004,1
29/08/2011,11286.65039,11539.25,1
30/08/2011,11532.12988,11559.9502,1
31/08/2011,11560.48047,11613.53027,1
01/09/2011,11613.29981,11493.57031,0
02/09/2011,11492.05957,11240.25977,0
06/09/2011,11237.30957,11139.29981,0
07/09/2011,11137.62988,11414.86035,1
08/09/2011,11414.86035,11295.80957,0
09/09/2011,11294.59961,10992.12988,0
12/09/2011,10990.00977,11061.12012,1
13/09/2011,11054.99023,11105.84961,1
14/09/2011,11106.83008,11246.73047,1
15/09/2011,11247.71973,11433.17969,1
16/09/2011,11433.70996,11509.08984,1
19/09/2011,11506.82031,11401.00977,0
20/09/2011,11401.46973,11408.66016,1
21/09/2011,11408.58008,11124.83984,0
22/09/2011,11121.88965,10733.83008,0
23/09/2011,10732.76953,10771.48047,1
26/09/2011,10771.78027,11043.86035,1
27/09/2011,11045.23047,11190.69043,1
28/09/2011,11189.09961,11010.90039,0
29/09/2011,11012.79004,11153.98047,1
30/09/2011,11152.32031,10913.37988,0
03/10/2011,10912.09961,10655.29981,0
04/10/2011,10651.44043,10808.70996,1
05/10/2011,10800.46973,10939.9502,1
06/10/2011,10939.87012,11123.33008,1
07/10/2011,11123.41016,11103.12012,0
10/10/2011,11104.55957,11433.17969,1
11/10/2011,11432.79981,11416.29981,0
12/10/2011,11417.36035,11518.84961,1
13/10/2011,11518.08984,11478.12988,0
14/10/2011,11478.96973,11644.49023,1
17/10/2011,11643.34961,11397,0
18/10/2011,11396.16992,11577.04981,1
19/10/2011,11577.54004,11504.62012,0
20/10/2011,11502.12988,11541.78027,1
21/10/2011,11543.21973,11808.79004,1
24/10/2011,11807.95996,11913.62012,1
25/10/2011,11912.62988,11706.62012,0
26/10/2011,11707.75977,11869.04004,1
27/10/2011,11872.07031,12208.54981,1
28/10/2011,12207.33984,12231.11035,1
31/10/2011,12229.21973,11955.00977,0
01/11/2011,11951.53027,11657.95996,0
02/11/2011,11658.49023,11836.04004,1
03/11/2011,11835.58984,12044.46973,1
04/11/2011,12043.41016,11983.24023,0
07/11/2011,11983.01953,12068.38965,1
08/11/2011,12055.51953,12170.17969,1
09/11/2011,12166.40039,11780.94043,0
10/11/2011,11780.03027,11893.86035,1
11/11/2011,11896.28027,12153.67969,1
14/11/2011,12153,12078.98047,0
15/11/2011,12077.91992,12096.16016,1
16/11/2011,12084.74023,11905.58984,0
17/11/2011,11905.66992,11770.73047,0
18/11/2011,11768.98047,11796.16016,1
21/11/2011,11795.54981,11547.30957,0
22/11/2011,11542.38965,11493.71973,0
23/11/2011,11492.74023,11257.54981,0
25/11/2011,11251.87988,11231.65039,0
28/11/2011,11232.46973,11523.00977,1
29/11/2011,11523.00977,11555.62988,1
30/11/2011,11559.26953,12045.67969,1
01/12/2011,12046.20996,12020.03027,0
02/12/2011,12022.37012,12019.41992,0
05/12/2011,12021.54004,12097.83008,1
06/12/2011,12097.75,12150.12988,1
07/12/2011,12144.41016,12196.37012,1
08/12/2011,12195.91016,11997.7002,0
09/12/2011,11996.03027,12184.25977,1
12/12/2011,12181.08008,12021.38965,0
13/12/2011,12018.66016,11954.94043,0
14/12/2011,11949.71973,11823.48047,0
15/12/2011,11825.29004,11868.80957,1
16/12/2011,11870.25,11866.38965,0
19/12/2011,11866.54004,11766.25977,0
20/12/2011,11769.20996,12103.58008,1
21/12/2011,12103.58008,12107.74023,1
22/12/2011,12107.58984,12169.65039,1
23/12/2011,12169.87988,12294,1
27/12/2011,12293.46973,12291.34961,0
28/12/2011,12288.84961,12151.41016,0
29/12/2011,12152.32031,12287.04004,1
30/12/2011,12286.28027,12217.55957,0
03/01/2012,12221.19043,12397.37988,1
04/01/2012,12392.45996,12418.41992,1
05/01/2012,12418.41992,12415.7002,0
06/01/2012,12407.4502,12359.91992,0
09/01/2012,12359.30957,12392.69043,1
10/01/2012,12394.50977,12462.46973,1
11/01/2012,12459.51953,12449.4502,0
12/01/2012,12449.91016,12471.01953,1
13/01/2012,12469.95996,12422.05957,0
17/01/2012,12423.12012,12482.07031,1
18/01/2012,12474.69043,12578.9502,1
19/01/2012,12578.19043,12623.98047,1
20/01/2012,12623.83008,12720.48047,1
23/01/2012,12720.25,12708.82031,0
24/01/2012,12708.37012,12675.75,0
25/01/2012,12673.62988,12758.84961,1
26/01/2012,12756.95996,12734.62988,0
27/01/2012,12733.9502,12660.45996,0
30/01/2012,12659.16992,12653.71973,0
31/01/2012,12654.78027,12632.91016,0
01/02/2012,12632.75977,12716.45996,1
02/02/2012,12716.54004,12705.41016,0
03/02/2012,12705.04004,12862.23047,1
06/02/2012,12860.71973,12845.12988,0
07/02/2012,12844.37012,12878.2002,1
08/02/2012,12865.79004,12883.9502,1
09/02/2012,12884.41016,12890.45996,1
10/02/2012,12889.54981,12801.23047,0
13/02/2012,12799.11035,12874.04004,1
14/02/2012,12871.76953,12878.28027,1
15/02/2012,12864.65039,12780.9502,0
16/02/2012,12779.80957,12904.08008,1
17/02/2012,12903.33008,12949.87012,1
21/02/2012,12949.33984,12965.69043,1
22/02/2012,12966.21973,12938.66992,0
23/02/2012,12937.08008,12984.69043,1
24/02/2012,12981.2002,12982.9502,1
27/02/2012,12981.12988,12981.50977,1
28/02/2012,12976.74023,13005.12012,1
29/02/2012,13005.41992,12952.07031,0
01/03/2012,12952.29004,12980.29981,1
02/03/2012,12980.75,12977.57031,0
05/03/2012,12977.33984,12962.80957,0
06/03/2012,12958.65039,12759.15039,0
07/03/2012,12756.12012,12837.33008,1
08/03/2012,12835.53027,12907.94043,1
09/03/2012,12908.62012,12922.01953,1
12/03/2012,12920.58008,12959.70996,1
13/03/2012,12953.2002,13177.67969,1
14/03/2012,13177.15039,13194.09961,1
15/03/2012,13192.96973,13252.75977,1
16/03/2012,13253.50977,13232.62012,0
19/03/2012,13231.94043,13239.12988,1
20/03/2012,13238.4502,13170.19043,0
21/03/2012,13170.79004,13124.62012,0
22/03/2012,13124.40039,13046.13965,0
23/03/2012,13045.99023,13080.73047,1
26/03/2012,13082.62012,13241.62988,1
27/03/2012,13242.08984,13197.73047,0
28/03/2012,13195.38965,13126.20996,0
29/03/2012,13125.99023,13145.82031,1
30/03/2012,13147.94043,13212.04004,1
02/04/2012,13211.36035,13264.49023,1
03/04/2012,13258.95996,13199.54981,0
04/04/2012,13198.19043,13074.75,0
05/04/2012,13067.17969,13060.13965,0
09/04/2012,13057.57031,12929.58984,0
10/04/2012,12929.44043,12715.92969,0
11/04/2012,12716.91992,12805.38965,1
12/04/2012,12806.4502,12986.58008,1
13/04/2012,12986.2002,12849.58984,0
16/04/2012,12850.87988,12921.41016,1
17/04/2012,12921.79004,13115.54004,1
18/04/2012,13114.55957,13032.75,0
19/04/2012,13028.73047,12964.09961,0
20/04/2012,12964.48047,13029.25977,1
23/04/2012,13028.2002,12927.16992,0
24/04/2012,12927.76953,13001.55957,1
25/04/2012,12997.69043,13090.71973,1
26/04/2012,13090.11035,13204.62012,1
27/04/2012,13204.7002,13228.30957,1
30/04/2012,13228.30957,13213.62988,0
01/05/2012,13214.16016,13279.32031,1
02/05/2012,13278.11035,13268.57031,0
03/05/2012,13267.58984,13206.58984,0
04/05/2012,13204.62012,13038.26953,0
07/05/2012,13035.84961,13008.53027,0
08/05/2012,13000.73047,12932.08984,0
09/05/2012,12921.80957,12835.05957,0
10/05/2012,12831.58008,12855.04004,1
11/05/2012,12851.79004,12820.59961,0
14/05/2012,12818.49023,12695.34961,0
15/05/2012,12695.04981,12632,0
16/05/2012,12617.32031,12598.54981,0
17/05/2012,12598.32031,12442.49023,0
18/05/2012,12443.01953,12369.37988,0
21/05/2012,12369.15039,12504.48047,1
22/05/2012,12505.37988,12502.80957,0
23/05/2012,12501.51953,12496.15039,0
24/05/2012,12491.91016,12529.75,1
25/05/2012,12530.74023,12454.83008,0
29/05/2012,12454.83008,12580.69043,1
30/05/2012,12579.01953,12419.86035,0
31/05/2012,12414.41016,12393.4502,0
01/06/2012,12391.55957,12118.57031,0
04/06/2012,12119.84961,12101.45996,0
05/06/2012,12101.08008,12127.9502,1
06/06/2012,12125,12414.79004,1
07/06/2012,12416.53027,12460.95996,1
08/06/2012,12460.80957,12554.2002,1
11/06/2012,12553.80957,12411.23047,0
12/06/2012,12412.07031,12573.79981,1
13/06/2012,12566.37988,12496.37988,0
14/06/2012,12497.88965,12651.91016,1
15/06/2012,12652.20996,12767.16992,1
18/06/2012,12767.01953,12741.82031,0
19/06/2012,12744.62012,12837.33008,1
20/06/2012,12837.09961,12824.38965,0
21/06/2012,12823.09961,12573.57031,0
22/06/2012,12574.82031,12640.78027,1
25/06/2012,12639.79981,12502.66016,0
26/06/2012,12503.57031,12534.66992,1
27/06/2012,12532.92969,12627.00977,1
28/06/2012,12626.25,12602.25977,0
29/06/2012,12604.59961,12880.08984,1
02/07/2012,12879.70996,12871.38965,0
03/07/2012,12868.05957,12943.66016,1
05/07/2012,12941.84961,12896.66992,0
06/07/2012,12889.40039,12772.46973,0
09/07/2012,12772.01953,12736.29004,0
10/07/2012,12733.87012,12653.12012,0
11/07/2012,12653.04004,12604.53027,0
12/07/2012,12602.70996,12573.26953,0
13/07/2012,12573.73047,12777.08984,1
16/07/2012,12776.33008,12727.20996,0
17/07/2012,12728.73047,12805.54004,1
18/07/2012,12796.98047,12908.7002,1
19/07/2012,12909.61035,12943.36035,1
20/07/2012,12942.67969,12822.57031,0
23/07/2012,12820.4502,12721.45996,0
24/07/2012,12720.92969,12617.32031,0
25/07/2012,12617.76953,12676.04981,1
26/07/2012,12680.58984,12887.92969,1
27/07/2012,12888.91016,13075.66016,1
30/07/2012,13075.34961,13073.00977,0
31/07/2012,13071.71973,13008.67969,0
01/08/2012,13007.46973,12976.12988,0
02/08/2012,12969.7002,12878.87988,0
03/08/2012,12884.82031,13096.16992,1
06/08/2012,13099.87988,13117.50977,1
07/08/2012,13118.65039,13168.59961,1
08/08/2012,13158.09961,13175.63965,1
09/08/2012,13174.73047,13165.19043,0
10/08/2012,13163.15039,13207.9502,1
13/08/2012,13204.92969,13169.42969,0
14/08/2012,13168.11035,13172.13965,1
15/08/2012,13157.46973,13164.78027,1
16/08/2012,13163.24023,13250.11035,1
17/08/2012,13251.2002,13275.2002,1
20/08/2012,13274.58008,13271.63965,0
21/08/2012,13272.09961,13203.58008,0
22/08/2012,13198.30957,13172.75977,0
23/08/2012,13171.37012,13057.45996,0
24/08/2012,13052.82031,13157.96973,1
27/08/2012,13157.74023,13124.66992,0
28/08/2012,13122.74023,13102.99023,0
29/08/2012,13103.45996,13107.48047,1
30/08/2012,13101.29004,13000.70996,0
31/08/2012,13002.71973,13090.83984,1
04/09/2012,13092.15039,13035.94043,0
05/09/2012,13036.08984,13047.48047,1
06/09/2012,13045.23047,13292,1
07/09/2012,13289.53027,13306.63965,1
10/09/2012,13308.55957,13254.29004,0
11/09/2012,13254.59961,13323.36035,1
12/09/2012,13321.62012,13333.34961,1
13/09/2012,13329.70996,13539.86035,1
14/09/2012,13540.40039,13593.37012,1
17/09/2012,13588.57031,13553.09961,0
18/09/2012,13552.33008,13564.63965,1
19/09/2012,13565.41016,13577.95996,1
20/09/2012,13575.16992,13596.92969,1
21/09/2012,13597.24023,13579.46973,0
24/09/2012,13577.84961,13558.91992,0
25/09/2012,13559.91992,13457.54981,0
26/09/2012,13458.62988,13413.50977,0
27/09/2012,13413.46973,13485.96973,1
28/09/2012,13485.88965,13437.12988,0
01/10/2012,13437.66016,13515.11035,1
02/10/2012,13515.29981,13482.36035,0
03/10/2012,13479.20996,13494.61035,1
04/10/2012,13495.17969,13575.36035,1
05/10/2012,13569.17969,13610.15039,1
08/10/2012,13589.25977,13583.65039,0
09/10/2012,13582.87988,13473.53027,0
10/10/2012,13473.53027,13344.96973,0
11/10/2012,13346.28027,13326.38965,0
12/10/2012,13325.62012,13328.84961,1
15/10/2012,13329.54004,13424.23047,1
16/10/2012,13423.83984,13551.78027,1
17/10/2012,13539.62988,13557,1
18/10/2012,13553.24023,13548.94043,0
19/10/2012,13545.33008,13343.50977,0
22/10/2012,13344.28027,13345.88965,1
23/10/2012,13344.90039,13102.53027,0
24/10/2012,13103.53027,13077.33984,0
25/10/2012,13079.63965,13103.67969,1
26/10/2012,13104.21973,13107.20996,1
31/10/2012,13107.44043,13096.45996,0
01/11/2012,13099.19043,13232.62012,1
02/11/2012,13232.62012,13093.16016,0
05/11/2012,13092.28027,13112.44043,1
06/11/2012,13112.90039,13245.67969,1
07/11/2012,13228.24023,12932.73047,0
08/11/2012,12932.80957,12811.32031,0
09/11/2012,12811.16992,12815.38965,1
12/11/2012,12815.92969,12815.08008,0
13/11/2012,12808.70996,12756.17969,0
14/11/2012,12746.54004,12570.9502,0
15/11/2012,12571.09961,12542.37988,0
16/11/2012,12542.30957,12588.30957,1
19/11/2012,12590.23047,12795.95996,1
20/11/2012,12790.88965,12788.50977,0
21/11/2012,12788.36035,12836.88965,1
23/11/2012,12833.12988,13009.53027,1
26/11/2012,13008.4502,12967.37012,0
27/11/2012,12963.37988,12878.12988,0
28/11/2012,12875.55957,12985.11035,1
29/11/2012,12977.34961,13021.82031,1
30/11/2012,13022.04981,13025.58008,1
03/12/2012,13027.73047,12965.59961,0
04/12/2012,12966.4502,12951.78027,0
05/12/2012,12948.95996,13034.49023,1
06/12/2012,13026.19043,13074.04004,1
07/12/2012,13072.87012,13155.12988,1
10/12/2012,13154.88965,13169.87988,1
11/12/2012,13170.33984,13248.44043,1
12/12/2012,13250.04981,13245.4502,0
13/12/2012,13241.37988,13170.71973,0
14/12/2012,13170.79981,13135.00977,0
17/12/2012,13135.16992,13235.38965,1
18/12/2012,13236.61035,13350.95996,1
19/12/2012,13351.04004,13251.96973,0
20/12/2012,13246.66992,13311.71973,1
21/12/2012,13309.9502,13190.83984,0
24/12/2012,13190.15039,13138.92969,0
26/12/2012,13138.84961,13114.58984,0
27/12/2012,13114.96973,13096.30957,0
28/12/2012,13095.08008,12938.11035,0
31/12/2012,12938.19043,13104.13965,1
02/01/2013,13104.29981,13412.54981,1
03/01/2013,13413.00977,13391.36035,0
04/01/2013,13391.04981,13435.20996,1
07/01/2013,13436.12988,13384.29004,0
08/01/2013,13377.41992,13328.84961,0
09/01/2013,13329.91992,13390.50977,1
10/01/2013,13391.82031,13471.21973,1
11/01/2013,13471.4502,13488.42969,1
14/01/2013,13488.42969,13507.32031,1
15/01/2013,13507.32031,13534.88965,1
16/01/2013,13534.88965,13511.23047,0
17/01/2013,13511.23047,13596.01953,1
18/01/2013,13596.01953,13649.7002,1
22/01/2013,13649.7002,13712.20996,1
23/01/2013,13712.20996,13779.33008,1
24/01/2013,13779.33008,13825.33008,1
25/01/2013,13825.33008,13895.98047,1
28/01/2013,13895.98047,13881.92969,0
29/01/2013,13881.92969,13954.41992,1
30/01/2013,13954.41992,13910.41992,0
31/01/2013,13910.41992,13860.58008,0
01/02/2013,13860.58008,14009.79004,1
04/02/2013,14009.79004,13880.08008,0
05/02/2013,13880.08008,13979.29981,1
06/02/2013,13979.29981,13986.51953,1
07/02/2013,13986.51953,13944.04981,0
08/02/2013,13944.04981,13992.96973,1
11/02/2013,13992.96973,13971.24023,0
12/02/2013,13971.24023,14018.7002,1
13/02/2013,14018.7002,13982.91016,0
14/02/2013,13982.91016,13973.38965,0
15/02/2013,13973.38965,13981.75977,1
19/02/2013,13981.75977,14035.66992,1
20/02/2013,14035.66992,13927.54004,0
21/02/2013,13927.54004,13880.62012,0
22/02/2013,13880.62012,14000.57031,1
25/02/2013,14000.57031,13784.16992,0
26/02/2013,13784.16992,13900.12988,1
27/02/2013,13900.12988,14075.37012,1
28/02/2013,14075.37012,14054.49023,0
01/03/2013,14054.49023,14089.66016,1
04/03/2013,14089.66016,14127.82031,1
05/03/2013,14127.82031,14253.76953,1
06/03/2013,14253.76953,14296.24023,1
07/03/2013,14296.24023,14329.49023,1
08/03/2013,14329.49023,14397.07031,1
11/03/2013,14397.07031,14447.29004,1
12/03/2013,14447.29004,14450.05957,1
13/03/2013,14450.05957,14455.28027,1
14/03/2013,14455.28027,14539.13965,1
15/03/2013,14539.13965,14514.11035,0
18/03/2013,14514.11035,14452.05957,0
19/03/2013,14452.05957,14455.82031,1
20/03/2013,14455.82031,14511.73047,1
21/03/2013,14511.73047,14421.49023,0
22/03/2013,14421.49023,14512.03027,1
25/03/2013,14512.03027,14447.75,0
26/03/2013,14447.75,14559.65039,1
27/03/2013,14559.65039,14526.16016,0
28/03/2013,14526.16016,14578.54004,1
01/04/2013,14578.54004,14572.84961,0
02/04/2013,14572.84961,14662.00977,1
03/04/2013,14662.00977,14550.34961,0
04/04/2013,14550.34961,14606.11035,1
05/04/2013,14606.11035,14565.25,0
08/04/2013,14565.25,14613.48047,1
09/04/2013,14613.48047,14673.45996,1
10/04/2013,14673.45996,14802.24023,1
11/04/2013,14802.24023,14865.13965,1
12/04/2013,14865.13965,14865.05957,0
15/04/2013,14865.05957,14599.2002,0
16/04/2013,14599.2002,14756.78027,1
17/04/2013,14756.78027,14618.58984,0
18/04/2013,14618.58984,14537.13965,0
19/04/2013,14537.13965,14547.50977,1
22/04/2013,14547.50977,14567.16992,1
23/04/2013,14567.16992,14719.45996,1
24/04/2013,14719.45996,14676.29981,0
25/04/2013,14676.29981,14700.79981,1
26/04/2013,14700.79981,14712.54981,1
29/04/2013,14712.54981,14818.75,1
30/04/2013,14818.75,14839.79981,1
01/05/2013,14839.79981,14700.9502,0
02/05/2013,14700.9502,14831.58008,1
03/05/2013,14831.58008,14973.95996,1
06/05/2013,14973.95996,14968.88965,0
07/05/2013,14968.88965,15056.2002,1
08/05/2013,15056.2002,15105.12012,1
09/05/2013,15105.12012,15082.62012,0
10/05/2013,15082.62012,15118.49023,1
13/05/2013,15113.41992,15091.67969,0
14/05/2013,15091.67969,15215.25,1
15/05/2013,15211.87012,15275.69043,1
16/05/2013,15273.91992,15233.21973,0
17/05/2013,15234.75,15354.40039,1
20/05/2013,15348.33008,15335.28027,0
21/05/2013,15334.96973,15387.58008,1
22/05/2013,15387.12012,15307.16992,0
23/05/2013,15300.57031,15294.5,0
24/05/2013,15290.74023,15303.09961,1
28/05/2013,15307.33008,15409.38965,1
29/05/2013,15399.94043,15302.79981,0
30/05/2013,15306.01953,15324.53027,1
31/05/2013,15322.21973,15115.57031,0
03/06/2013,15123.54981,15254.03027,1
04/06/2013,15255.21973,15177.54004,0
05/06/2013,15168.09961,14960.58984,0
06/06/2013,14955.4502,15040.62012,1
07/06/2013,15044.45996,15248.12012,1
10/06/2013,15247.80957,15238.58984,0
11/06/2013,15231.37988,15122.01953,0
12/06/2013,15130.38965,14995.23047,0
13/06/2013,14992.54004,15176.08008,1
14/06/2013,15178.08008,15070.17969,0
17/06/2013,15078.70996,15179.84961,1
18/06/2013,15186.29981,15318.23047,1
19/06/2013,15315.46973,15112.19043,0
20/06/2013,15105.50977,14758.32031,0
21/06/2013,14760.62012,14799.40039,1
24/06/2013,14795.79004,14659.55957,0
25/06/2013,14669.69043,14760.30957,1
26/06/2013,14769.99023,14910.13965,1
27/06/2013,14921.28027,15024.49023,1
28/06/2013,15016.58008,14909.59961,0
01/07/2013,14911.59961,14974.95996,1
02/07/2013,14974.95996,14932.41016,0
03/07/2013,14923.73047,14988.37012,1
05/07/2013,14995.45996,15135.83984,1
08/07/2013,15137.21973,15224.69043,1
09/07/2013,15228.45996,15300.33984,1
10/07/2013,15298.03027,15291.66016,0
11/07/2013,15298,15460.91992,1
12/07/2013,15460.69043,15464.29981,1
15/07/2013,15459.69043,15484.25977,1
16/07/2013,15485.03027,15451.84961,0
17/07/2013,15456.91992,15470.51953,1
18/07/2013,15465.91016,15548.54004,1
19/07/2013,15524.26953,15543.74023,1
22/07/2013,15543.96973,15545.54981,1
23/07/2013,15547,15567.74023,1
24/07/2013,15576.69043,15542.24023,0
25/07/2013,15539.16992,15555.61035,1
26/07/2013,15547.84961,15558.83008,1
29/07/2013,15557.13965,15521.96973,0
30/07/2013,15534.49023,15520.58984,0
31/07/2013,15528.57031,15499.54004,0
01/08/2013,15503.84961,15628.01953,1
02/08/2013,15627.55957,15658.36035,1
05/08/2013,15651.98047,15612.12988,0
06/08/2013,15608.44043,15518.74023,0
07/08/2013,15516.20996,15470.66992,0
08/08/2013,15477.26953,15498.32031,1
09/08/2013,15496.62988,15425.50977,0
12/08/2013,15415.21973,15419.67969,1
13/08/2013,15420.67969,15451.00977,1
14/08/2013,15447.70996,15337.66016,0
15/08/2013,15332.70996,15112.19043,0
16/08/2013,15112.57031,15081.46973,0
19/08/2013,15076.79004,15010.74023,0
20/08/2013,15011.82031,15002.99023,0
21/08/2013,14993.80957,14897.54981,0
22/08/2013,14908.59961,14963.74023,1
23/08/2013,14988.78027,15010.50977,1
26/08/2013,15014.58008,14946.45996,0
27/08/2013,14939.25,14776.12988,0
28/08/2013,14770.99023,14824.50977,1
29/08/2013,14817.91016,14840.9502,1
30/08/2013,14844.09961,14810.30957,0
03/09/2013,14801.54981,14833.95996,1
04/09/2013,14832.41992,14930.87012,1
05/09/2013,14929.49023,14937.48047,1
06/09/2013,14941.54981,14922.5,0
09/09/2013,14927.19043,15063.12012,1
10/09/2013,15067.23047,15191.05957,1
11/09/2013,15194.12988,15326.59961,1
12/09/2013,15327.13965,15300.63965,0
13/09/2013,15312.86035,15376.05957,1
16/09/2013,15381.36035,15494.78027,1
17/09/2013,15503.15039,15529.73047,1
18/09/2013,15533.03027,15676.94043,1
19/09/2013,15677.86035,15636.54981,0
20/09/2013,15635.08984,15451.08984,0
23/09/2013,15452.30957,15401.37988,0
24/09/2013,15402.54004,15334.58984,0
25/09/2013,15339.01953,15273.25977,0
26/09/2013,15274.41992,15328.29981,1
27/09/2013,15317.4502,15258.24023,0
30/09/2013,15249.82031,15129.66992,0
01/10/2013,15132.49023,15191.7002,1
02/10/2013,15182.65039,15133.13965,0
03/10/2013,15127.23047,14996.48047,0
04/10/2013,14994.67969,15072.58008,1
07/10/2013,15069.29981,14936.24023,0
08/10/2013,14938.04004,14776.53027,0
09/10/2013,14778.19043,14802.98047,1
10/10/2013,14806.38965,15126.07031,1
11/10/2013,15126.51953,15237.11035,1
14/10/2013,15231.33008,15301.25977,1
15/10/2013,15300.29981,15168.00977,0
16/10/2013,15170.7002,15373.83008,1
17/10/2013,15369.45996,15371.65039,1
18/10/2013,15371.70996,15399.65039,1
21/10/2013,15401.32031,15392.2002,0
22/10/2013,15394.21973,15467.66016,1
23/10/2013,15465.33984,15413.33008,0
24/10/2013,15414.87012,15509.20996,1
25/10/2013,15523.71973,15570.28027,1
28/10/2013,15569.19043,15568.92969,0
29/10/2013,15572.20996,15680.34961,1
30/10/2013,15680.74023,15618.75977,0
31/10/2013,15619.91992,15545.75,0
01/11/2013,15558.00977,15615.54981,1
04/11/2013,15621.2002,15639.12012,1
05/11/2013,15631.21973,15618.21973,0
06/11/2013,15628.71973,15746.87988,1
07/11/2013,15751.30957,15593.98047,0
08/11/2013,15591.54004,15761.78027,1
11/11/2013,15759.28027,15783.09961,1
12/11/2013,15773.15039,15750.66992,0
13/11/2013,15739.5,15821.62988,1
14/11/2013,15806.21973,15876.21973,1
15/11/2013,15876.16016,15961.7002,1
18/11/2013,15962.71973,15976.01953,1
19/11/2013,15974.05957,15967.03027,0
20/11/2013,15971.2002,15900.82031,0
21/11/2013,15908.07031,16009.99023,1
22/11/2013,16008.70996,16064.76953,1
25/11/2013,16072.08984,16072.54004,1
26/11/2013,16070.92969,16072.79981,1
27/11/2013,16073.37012,16097.33008,1
29/11/2013,16105.16016,16086.41016,0
02/12/2013,16087.12012,16008.76953,0
03/12/2013,16004.71973,15914.62012,0
04/12/2013,15910.50977,15889.76953,0
05/12/2013,15886.5,15821.50977,0
06/12/2013,15825.54981,16020.2002,1
09/12/2013,16019.49023,16025.53027,1
10/12/2013,16024.12012,15973.12988,0
11/12/2013,15970.75,15843.53027,0
12/12/2013,15844.82031,15739.42969,0
13/12/2013,15745.66016,15755.36035,1
16/12/2013,15759.59961,15884.57031,1
17/12/2013,15884.05957,15875.25977,0
18/12/2013,15876.57031,16167.96973,1
19/12/2013,16162.50977,16179.08008,1
20/12/2013,16178.57031,16221.13965,1
23/12/2013,16225.25,16294.61035,1
24/12/2013,16295.7002,16357.54981,1
26/12/2013,16370.96973,16479.88086,1
27/12/2013,16486.36914,16478.41016,0
30/12/2013,16484.50977,16504.28906,1
31/12/2013,16512.38086,16576.66016,1
02/01/2014,16572.16992,16441.34961,0
03/01/2014,16456.89063,16469.99023,1
06/01/2014,16474.03906,16425.09961,0
07/01/2014,16429.01953,16530.93945,1
08/01/2014,16527.66016,16462.74023,0
09/01/2014,16471.41016,16444.75977,0
10/01/2014,16453.61914,16437.05078,0
13/01/2014,16434.0293,16257.94043,0
14/01/2014,16261.99023,16373.86035,1
15/01/2014,16378.03027,16481.93945,1
16/01/2014,16477.69922,16417.00977,0
17/01/2014,16408.01953,16458.56055,1
21/01/2014,16459.26953,16414.43945,0
22/01/2014,16420.48047,16373.33984,0
23/01/2014,16371.99023,16197.34961,0
24/01/2014,16203.29004,15879.11035,0
27/01/2014,15879.04981,15837.87988,0
28/01/2014,15840.83984,15928.55957,1
29/01/2014,15927.08008,15738.79004,0
30/01/2014,15743.03027,15848.61035,1
31/01/2014,15847.19043,15698.84961,0
03/02/2014,15697.69043,15372.79981,0
04/02/2014,15372.92969,15445.24023,1
05/02/2014,15443,15440.23047,0
06/02/2014,15443.83008,15628.53027,1
07/02/2014,15630.63965,15794.08008,1
10/02/2014,15793.62988,15801.79004,1
11/02/2014,15804.16992,15994.76953,1
12/02/2014,15993.04004,15963.94043,0
13/02/2014,15946.99023,16027.58984,1
14/02/2014,16018.08008,16154.38965,1
18/02/2014,16153.96973,16130.40039,0
19/02/2014,16126.23047,16040.55957,0
20/02/2014,16044.15039,16133.23047,1
21/02/2014,16135.91992,16103.29981,0
24/02/2014,16102.26953,16207.13965,1
25/02/2014,16207.33984,16179.66016,0
26/02/2014,16180.36035,16198.41016,1
27/02/2014,16197.7002,16272.65039,1
28/02/2014,16273.23047,16321.70996,1
03/03/2014,16321.70996,16168.03027,0
04/03/2014,16169.32031,16395.88086,1
05/03/2014,16395.88086,16360.17969,0
06/03/2014,16360.55957,16421.89063,1
07/03/2014,16424.5293,16452.7207,1
10/03/2014,16453.09961,16418.67969,0
11/03/2014,16419.39063,16351.25,0
12/03/2014,16350.66992,16340.08008,0
13/03/2014,16341.54981,16108.88965,0
14/03/2014,16106.32031,16065.66992,0
17/03/2014,16066.37012,16247.21973,1
18/03/2014,16245.92969,16336.19043,1
19/03/2014,16335.70996,16222.16992,0
20/03/2014,16221.98047,16331.04981,1
21/03/2014,16332.69043,16302.76953,0
24/03/2014,16303.28027,16276.69043,0
25/03/2014,16279.2002,16367.87988,1
26/03/2014,16370.70996,16268.99023,0
27/03/2014,16268.66992,16264.23047,0
28/03/2014,16267.76953,16323.05957,1
31/03/2014,16324.21973,16457.66016,1
01/04/2014,16458.05078,16532.60938,1
02/04/2014,16532.80078,16573,1
03/04/2014,16572.35938,16572.55078,1
04/04/2014,16576.01953,16412.71094,0
07/04/2014,16414.15039,16245.87012,0
08/04/2014,16245.16016,16256.13965,1
09/04/2014,16256.37012,16437.17969,1
10/04/2014,16437.24023,16170.21973,0
11/04/2014,16168.87012,16026.75,0
14/04/2014,16028.29004,16173.24023,1
15/04/2014,16173.49023,16262.55957,1
16/04/2014,16266.23047,16424.84961,1
17/04/2014,16424.14063,16408.53906,0
21/04/2014,16408.91992,16449.25,1
22/04/2014,16449.38086,16514.36914,1
23/04/2014,16513.73047,16501.65039,0
24/04/2014,16503.39063,16501.65039,0
25/04/2014,16503.25977,16361.45996,0
28/04/2014,16363.2002,16448.74023,1
29/04/2014,16451.17969,16535.36914,1
30/04/2014,16534.85938,16580.83984,1
01/05/2014,16580.25977,16558.86914,0
02/05/2014,16562.33984,16512.89063,0
05/05/2014,16509.75,16530.55078,1
06/05/2014,16529.84961,16401.01953,0
07/05/2014,16401.66016,16518.53906,1
08/05/2014,16518.16016,16550.9707,1
09/05/2014,16551.23047,16583.33984,1
12/05/2014,16584.82031,16695.4707,1
13/05/2014,16695.91992,16715.43945,1
14/05/2014,16716.08008,16613.9707,0
15/05/2014,16613.51953,16446.81055,0
16/05/2014,16447.32031,16491.31055,1
19/05/2014,16490.34961,16511.85938,1
20/05/2014,16511.2207,16374.30957,0
21/05/2014,16376.16992,16533.06055,1
22/05/2014,16532.74023,16543.08008,1
23/05/2014,16544.49023,16606.26953,1
27/05/2014,16607.41992,16675.5,1
28/05/2014,16674.98047,16633.17969,0
29/05/2014,16637.74023,16698.74023,1
30/05/2014,16697.33008,16717.16992,1
02/06/2014,16716.84961,16743.63086,1
03/06/2014,16736.69922,16722.33984,0
04/06/2014,16720,16737.5293,1
05/06/2014,16739.14063,16836.10938,1
06/06/2014,16839.64063,16924.2793,1
09/06/2014,16926.08008,16943.09961,1
10/06/2014,16940.40039,16945.91992,1
11/06/2014,16943.16016,16843.88086,0
12/06/2014,16840.48047,16734.18945,0
13/06/2014,16734.64063,16775.74023,1
16/06/2014,16765.56055,16781.00977,1
17/06/2014,16779.21094,16808.49023,1
18/06/2014,16806.11914,16906.61914,1
19/06/2014,16909.90039,16921.46094,1
20/06/2014,16920.61914,16947.08008,1
23/06/2014,16946.5,16937.25977,0
24/06/2014,16934.61914,16818.13086,0
25/06/2014,16817.67969,16867.50977,1
26/06/2014,16866.81055,16846.13086,0
27/06/2014,16846.90039,16851.83984,1
30/06/2014,16852.49023,16826.59961,0
01/07/2014,16828.5293,16956.07031,1
02/07/2014,16949.71094,16976.24023,1
03/07/2014,16979,17068.25977,1
07/07/2014,17063.83008,17024.21094,0
08/07/2014,17022.08984,16906.61914,0
09/07/2014,16916.83008,16985.60938,1
10/07/2014,16980.34961,16915.07031,0
11/07/2014,16918.31055,16943.81055,1
14/07/2014,16950.92969,17055.41992,1
15/07/2014,17055.0293,17060.67969,1
16/07/2014,17061.91016,17138.19922,1
17/07/2014,17133.44922,16976.81055,0
18/07/2014,16978.16016,17100.17969,1
21/07/2014,17095.10938,17051.73047,0
22/07/2014,17054.9707,17113.53906,1
23/07/2014,17117.00977,17086.63086,0
24/07/2014,17092.01953,17083.80078,0
25/07/2014,17079.5,16960.57031,0
28/07/2014,16956.91016,16982.58984,1
29/07/2014,16984.33008,16912.10938,0
30/07/2014,16920.10938,16880.35938,0
31/07/2014,16869.63086,16563.30078,0
01/08/2014,16561.69922,16493.36914,0
04/08/2014,16493.7207,16569.2793,1
05/08/2014,16559.9707,16429.4707,0
06/08/2014,16425.09961,16443.33984,1
07/08/2014,16448.28906,16368.26953,0
08/08/2014,16369.67969,16553.92969,1
11/08/2014,16557.26953,16569.98047,1
12/08/2014,16565.55078,16560.53906,0
13/08/2014,16567.53906,16651.80078,1
14/08/2014,16657.32031,16713.58008,1
15/08/2014,16717.00977,16662.91016,0
18/08/2014,16664.44922,16838.74023,1
19/08/2014,16839.06055,16919.58984,1
20/08/2014,16910.0293,16979.13086,1
21/08/2014,16983.88086,17039.49023,1
22/08/2014,17038.26953,17001.2207,0
25/08/2014,17011.81055,17076.86914,1
26/08/2014,17079.57031,17106.69922,1
27/08/2014,17111.0293,17122.00977,1
28/08/2014,17119.06055,17079.57031,0
29/08/2014,17083.41992,17098.44922,1
02/09/2014,17097.41992,17067.56055,0
03/09/2014,17067.24023,17078.2793,1
04/09/2014,17083.60938,17069.58008,0
05/09/2014,17065.89063,17137.35938,1
08/09/2014,17131.71094,17111.41992,0
09/09/2014,17110.39063,17013.86914,0
10/09/2014,17016.05078,17068.71094,1
11/09/2014,17057.41016,17049,0
12/09/2014,17044.05078,16987.50977,0
15/09/2014,16988.75977,17031.14063,1
16/09/2014,17027.16016,17131.9707,1
17/09/2014,17131.00977,17156.84961,1
18/09/2014,17163.73047,17265.99023,1
19/09/2014,17267.21094,17279.74023,1
22/09/2014,17271.71094,17172.67969,0
23/09/2014,17165.91016,17055.86914,0
24/09/2014,17056.64063,17210.06055,1
25/09/2014,17204.85938,16945.80078,0
26/09/2014,16948.61914,17113.15039,1
29/09/2014,17107.68945,17071.2207,0
30/09/2014,17070.44922,17042.90039,0
01/10/2014,17040.46094,16804.71094,0
02/10/2014,16808.26953,16801.05078,0
03/10/2014,16802.19922,17009.68945,1
06/10/2014,17010.33984,16991.91016,0
07/10/2014,16988.25,16719.39063,0
08/10/2014,16718.65039,16994.2207,1
09/10/2014,16989.36914,16659.25,0
10/10/2014,16654.88086,16544.09961,0
13/10/2014,16535.42969,16321.07031,0
14/10/2014,16321.90039,16315.19043,0
15/10/2014,16313.29981,16141.74023,0
16/10/2014,16137.13965,16117.24023,0
17/10/2014,16118.38965,16380.41016,1
20/10/2014,16373.15039,16399.66992,1
21/10/2014,16406.0293,16614.81055,1
22/10/2014,16615.25977,16461.32031,0
23/10/2014,16468.07031,16677.90039,1
24/10/2014,16677.03906,16805.41016,1
27/10/2014,16796.09961,16817.93945,1
28/10/2014,16825.18945,17005.75,1
29/10/2014,17005.07031,16974.31055,0
30/10/2014,16968.14063,17195.41992,1
31/10/2014,17208.7793,17390.51953,1
03/11/2014,17390.90039,17366.24023,0
04/11/2014,17368.81055,17383.83984,1
05/11/2014,17385.75977,17484.5293,1
06/11/2014,17491.66016,17554.4707,1
07/11/2014,17558.58008,17573.92969,1
10/11/2014,17568.98047,17613.74023,1
11/11/2014,17615.64063,17614.90039,0
12/11/2014,17604.75,17612.19922,1
13/11/2014,17618.68945,17652.78906,1
14/11/2014,17653.10938,17634.74023,0
17/11/2014,17631.84961,17647.75,1
18/11/2014,17643.08984,17687.82031,1
19/11/2014,17685.50977,17685.73047,1
20/11/2014,17677.32031,17719,1
21/11/2014,17721.01953,17810.06055,1
24/11/2014,17812.63086,17817.90039,1
25/11/2014,17819.05078,17814.93945,0
26/11/2014,17812.25,17827.75,1
28/11/2014,17830.55078,17828.24023,0
01/12/2014,17827.26953,17776.80078,0
02/12/2014,17778.84961,17879.55078,1
03/12/2014,17880.90039,17912.61914,1
04/12/2014,17910.01953,17900.09961,0
05/12/2014,17903.05078,17958.78906,1
08/12/2014,17954.93945,17852.48047,0
09/12/2014,17847.36914,17801.19922,0
10/12/2014,17797.99023,17533.15039,0
11/12/2014,17534.30078,17596.33984,1
12/12/2014,17590.05078,17280.83008,0
15/12/2014,17285.74023,17180.83984,0
16/12/2014,17173.07031,17068.86914,0
17/12/2014,17069.16016,17356.86914,1
18/12/2014,17367.84961,17778.15039,1
19/12/2014,17778.01953,17804.80078,1
22/12/2014,17812.25,17959.43945,1
23/12/2014,17971.50977,18024.16992,1
24/12/2014,18035.73047,18030.21094,0
26/12/2014,18038.30078,18053.71094,1
29/12/2014,18046.58008,18038.23047,0
30/12/2014,18035.01953,17983.07031,0
31/12/2014,17987.66016,17823.07031,0
02/01/2015,17823.07031,17832.99023,1
05/01/2015,17821.30078,17501.65039,0
06/01/2015,17504.17969,17371.64063,0
07/01/2015,17374.7793,17584.51953,1
08/01/2015,17591.9707,17907.86914,1
09/01/2015,17911.01953,17737.36914,0
12/01/2015,17742.05078,17640.83984,0
13/01/2015,17645.01953,17613.67969,0
14/01/2015,17609.06055,17427.08984,0
15/01/2015,17436.30078,17320.71094,0
16/01/2015,17320,17511.57031,1
20/01/2015,17516.96094,17515.23047,0
21/01/2015,17509.96094,17554.2793,1
22/01/2015,17557.28906,17813.98047,1
23/01/2015,17812.5,17672.59961,0
26/01/2015,17668.10938,17678.69922,1
27/01/2015,17638.5293,17387.21094,0
28/01/2015,17402.91016,17191.36914,0
29/01/2015,17195.28906,17416.84961,1
30/01/2015,17416.84961,17164.94922,0
02/02/2015,17169.99023,17361.03906,1
03/02/2015,17369.9707,17666.40039,1
04/02/2015,17664.99023,17673.01953,1
05/02/2015,17677.25977,17884.88086,1
06/02/2015,17881.53906,17824.28906,0
09/02/2015,17821.49023,17729.21094,0
10/02/2015,17736.15039,17868.75977,1
11/02/2015,17867.85938,17862.14063,0
12/02/2015,17862.14063,17972.38086,1
13/02/2015,17968.65039,18019.34961,1
17/02/2015,18019.80078,18047.58008,1
18/02/2015,18045.7207,18029.84961,0
19/02/2015,18028.66992,17985.76953,0
20/02/2015,17985.76953,18140.43945,1
23/02/2015,18140.75977,18116.83984,0
24/02/2015,18112.57031,18209.18945,1
25/02/2015,18208.66992,18224.57031,1
26/02/2015,18224.41016,18214.41992,0
27/02/2015,18213.25977,18132.69922,0
02/03/2015,18134.05078,18288.63086,1
03/03/2015,18281.94922,18203.36914,0
04/03/2015,18203.36914,18096.90039,0
05/03/2015,18096.90039,18135.7207,1
06/03/2015,18135.7207,17856.7793,0
09/03/2015,17856.56055,17995.7207,1
10/03/2015,17989.56055,17662.93945,0
11/03/2015,17662.93945,17635.39063,0
12/03/2015,17626.83984,17895.2207,1
13/03/2015,17889.05078,17749.31055,0
16/03/2015,17751.24023,17977.41992,1
17/03/2015,17972.2207,17849.08008,0
18/03/2015,17846.80078,18076.18945,1
19/03/2015,18072.58008,17959.0293,0
20/03/2015,17961.13086,18127.65039,1
23/03/2015,18136.73047,18116.03906,0
24/03/2015,18110.86914,18011.14063,0
25/03/2015,18012.60938,17718.53906,0
26/03/2015,17716.26953,17678.23047,0
27/03/2015,17673.63086,17712.66016,1
30/03/2015,17727.48047,17976.31055,1
31/03/2015,17965.36914,17776.11914,0
01/04/2015,17778.51953,17698.17969,0
02/04/2015,17699.51953,17763.24023,1
06/04/2015,17755.5,17880.84961,1
07/04/2015,17884.32031,17875.41992,0
08/04/2015,17877.61914,17902.50977,1
09/04/2015,17902.50977,17958.73047,1
10/04/2015,17956.73047,18057.65039,1
13/04/2015,18052.32031,17977.03906,0
14/04/2015,17979.10938,18036.69922,1
15/04/2015,18045.71094,18112.60938,1
16/04/2015,18106.26953,18105.76953,0
17/04/2015,18102.56055,17826.30078,0
20/04/2015,17841.17969,18034.92969,1
21/04/2015,18034.23047,17949.58984,0
22/04/2015,17950.82031,18038.26953,1
23/04/2015,18031.90039,18058.68945,1
24/04/2015,18056.41992,18080.14063,1
27/04/2015,18097.89063,18037.9707,0
28/04/2015,18035.90039,18110.14063,1
29/04/2015,18093.68945,18035.5293,0
30/04/2015,18033.33008,17840.51953,0
01/05/2015,17859.26953,18024.06055,1
04/05/2015,18026.01953,18070.40039,1
05/05/2015,18062.5293,17928.19922,0
06/05/2015,17934.81055,17841.98047,0
07/05/2015,17840.25,17924.06055,1
08/05/2015,17933.64063,18191.10938,1
11/05/2015,18187.7793,18105.16992,0
12/05/2015,18096.16016,18068.23047,0
13/05/2015,18070.36914,18060.49023,0
14/05/2015,18062.49023,18252.24023,1
15/05/2015,18251.9707,18272.56055,1
18/05/2015,18267.25,18298.88086,1
19/05/2015,18300.48047,18312.39063,1
20/05/2015,18315.06055,18285.40039,0
21/05/2015,18285.86914,18285.74023,0
22/05/2015,18286.86914,18232.01953,0
26/05/2015,18229.75,18041.53906,0
27/05/2015,18045.08008,18162.99023,1
28/05/2015,18154.14063,18126.11914,0
29/05/2015,18128.11914,18010.67969,0
01/06/2015,18017.82031,18040.36914,1
02/06/2015,18033.33008,18011.93945,0
03/06/2015,18018.41992,18076.26953,1
04/06/2015,18072.4707,17905.58008,0
05/06/2015,17905.38086,17849.46094,0
08/06/2015,17849.46094,17766.55078,0
09/06/2015,17766.94922,17764.03906,0
10/06/2015,17765.38086,18000.40039,1
11/06/2015,18001.26953,18039.36914,1
12/06/2015,18035.83008,17898.83984,0
15/06/2015,17890.75977,17791.16992,0
16/06/2015,17787.42969,17904.48047,1
17/06/2015,17909.58008,17935.74023,1
18/06/2015,17944.60938,18115.83984,1
19/06/2015,18116.24023,18015.94922,0
22/06/2015,18027.63086,18119.7793,1
23/06/2015,18121.7793,18144.07031,1
24/06/2015,18139.09961,17966.07031,0
25/06/2015,17977.10938,17890.35938,0
26/06/2015,17892.0293,17946.67969,1
29/06/2015,17936.74023,17596.34961,0
30/06/2015,17599.96094,17619.50977,1
01/07/2015,17638.11914,17757.91016,1
02/07/2015,17763.32031,17730.10938,0
06/07/2015,17728.08008,17683.58008,0
07/07/2015,17684.91992,17776.91016,1
08/07/2015,17759.00977,17515.41992,0
09/07/2015,17530.38086,17548.61914,1
10/07/2015,17561.11914,17760.41016,1
13/07/2015,17787.26953,17977.67969,1
14/07/2015,17974.60938,18053.58008,1
15/07/2015,18053.38086,18050.16992,0
16/07/2015,18078.16016,18120.25,1
17/07/2015,18117.58008,18086.44922,0
20/07/2015,18085.91016,18100.41016,1
21/07/2015,18096.66992,17919.28906,0
22/07/2015,17918.34961,17851.03906,0
23/07/2015,17853.7793,17731.91992,0
24/07/2015,17731.05078,17568.5293,0
27/07/2015,17561.7793,17440.58984,0
28/07/2015,17449.81055,17630.26953,1
29/07/2015,17631.40039,17751.39063,1
30/07/2015,17743.24023,17745.98047,1
31/07/2015,17755.86914,17689.85938,0
03/08/2015,17696.74023,17598.19922,0
04/08/2015,17596.92969,17550.68945,0
05/08/2015,17555.24023,17540.4707,0
06/08/2015,17542.60938,17419.75,0
07/08/2015,17414.93945,17373.38086,0
10/08/2015,17375.17969,17615.16992,1
11/08/2015,17593.58984,17402.83984,0
12/08/2015,17382.92969,17402.50977,1
13/08/2015,17401.64063,17408.25,1
14/08/2015,17410.11914,17477.40039,1
17/08/2015,17472.66016,17545.17969,1
18/08/2015,17537.30078,17511.33984,0
19/08/2015,17508.74023,17348.73047,0
20/08/2015,17345.32031,16990.68945,0
21/08/2015,16990.68945,16459.75,0
24/08/2015,16459.75,15871.34961,0
25/08/2015,15882.26953,15666.44043,0
26/08/2015,15676.25977,16285.50977,1
27/08/2015,16285.50977,16654.76953,1
28/08/2015,16649.41992,16643.00977,0
31/08/2015,16632.01953,16528.0293,0
01/09/2015,16528.0293,16058.34961,0
02/09/2015,16058.34961,16351.37988,1
03/09/2015,16364.33984,16374.75977,1
04/09/2015,16371.75977,16102.37988,0
08/09/2015,16109.92969,16492.67969,1
09/09/2015,16505.03906,16253.57031,0
10/09/2015,16252.57031,16330.40039,1
11/09/2015,16330.40039,16433.08984,1
14/09/2015,16450.85938,16370.95996,0
15/09/2015,16382.58008,16599.84961,1
16/09/2015,16599.50977,16739.94922,1
17/09/2015,16738.08008,16674.74023,0
18/09/2015,16674.74023,16384.58008,0
21/09/2015,16406.09961,16510.18945,1
22/09/2015,16477.44922,16330.46973,0
23/09/2015,16332.80957,16279.88965,0
24/09/2015,16257.11035,16201.32031,0
25/09/2015,16205.07031,16314.66992,1
28/09/2015,16313.25977,16001.88965,0
29/09/2015,16001.75977,16049.12988,1
30/09/2015,16057.08008,16284.7002,1
01/10/2015,16278.62012,16272.00977,0
02/10/2015,16258.25,16472.36914,1
05/10/2015,16502.09961,16776.42969,1
06/10/2015,16774.01953,16790.18945,1
07/10/2015,16805.41992,16912.28906,1
08/10/2015,16904.16992,17050.75,1
09/10/2015,17054.68945,17084.49023,1
12/10/2015,17082.28906,17131.85938,1
13/10/2015,17113.55078,17081.89063,0
14/10/2015,17079.08008,16924.75,0
15/10/2015,16944.85938,17141.75,1
16/10/2015,17141.75,17215.9707,1
19/10/2015,17209.42969,17230.53906,1
20/10/2015,17228.4707,17217.10938,0
21/10/2015,17225.92969,17168.60938,0
22/10/2015,17180.88086,17489.16016,1
23/10/2015,17525.10938,17646.69922,1
26/10/2015,17649.57031,17623.05078,0
27/10/2015,17608.89063,17581.42969,0
28/10/2015,17586.68945,17779.51953,1
29/10/2015,17771.5,17755.80078,0
30/10/2015,17756.59961,17663.53906,0
02/11/2015,17672.61914,17828.75977,1
03/11/2015,17819.74023,17918.15039,1
04/11/2015,17929.58008,17867.58008,0
05/11/2015,17871.25,17863.42969,0
06/11/2015,17855.2207,17910.33008,1
09/11/2015,17900.7793,17730.48047,0
10/11/2015,17724.13086,17758.21094,1
11/11/2015,17769.5,17702.2207,0
12/11/2015,17691.92969,17448.07031,0
13/11/2015,17439.25,17245.24023,0
16/11/2015,17229.93945,17483.00977,1
17/11/2015,17486.99023,17489.5,1
18/11/2015,17485.49023,17737.16016,1
19/11/2015,17739.83008,17732.75,0
20/11/2015,17732.75,17823.81055,1
23/11/2015,17823.60938,17792.67969,0
24/11/2015,17770.90039,17812.18945,1
25/11/2015,17820.81055,17813.39063,0
27/11/2015,17806.03906,17813.39063,1
30/11/2015,17802.83984,17719.91992,0
01/12/2015,17719.7207,17888.34961,1
02/12/2015,17883.14063,17729.67969,0
03/12/2015,17741.57031,17477.66992,0
04/12/2015,17482.67969,17847.63086,1
07/12/2015,17845.49023,17730.50977,0
08/12/2015,17703.99023,17568,0
09/12/2015,17558.17969,17492.30078,0
10/12/2015,17493.16992,17574.75,1
11/12/2015,17574.75,17265.21094,0
14/12/2015,17277.10938,17368.5,1
15/12/2015,17374.7793,17524.91016,1
16/12/2015,17530.84961,17749.08984,1
17/12/2015,17756.53906,17495.83984,0
18/12/2015,17495.03906,17128.55078,0
21/12/2015,17154.93945,17251.61914,1
22/12/2015,17253.55078,17417.26953,1
23/12/2015,17427.63086,17602.60938,1
24/12/2015,17593.25977,17552.16992,0
28/12/2015,17535.66016,17528.26953,0
29/12/2015,17547.36914,17720.98047,1
30/12/2015,17711.93945,17603.86914,0
31/12/2015,17590.66016,17425.0293,0
04/01/2016,17405.48047,17148.93945,0
05/01/2016,17147.5,17158.66016,1
06/01/2016,17154.83008,16906.50977,0
07/01/2016,16888.35938,16514.09961,0
08/01/2016,16519.16992,16346.4502,0
11/01/2016,16358.70996,16398.57031,1
12/01/2016,16419.10938,16516.2207,1
13/01/2016,16526.63086,16151.41016,0
14/01/2016,16159.00977,16379.04981,1
15/01/2016,16354.33008,15988.08008,0
19/01/2016,16009.4502,16016.01953,1
20/01/2016,15989.4502,15766.74023,0
21/01/2016,15768.87012,15882.67969,1
22/01/2016,15921.09961,16093.50977,1
25/01/2016,16086.45996,15885.21973,0
26/01/2016,15893.16016,16167.23047,1
27/01/2016,16168.74023,15944.45996,0
28/01/2016,15960.28027,16069.63965,1
29/01/2016,16090.25977,16466.30078,1
01/02/2016,16453.63086,16449.17969,0
02/02/2016,16420.21094,16153.54004,0
03/02/2016,16186.2002,16336.66016,1
04/02/2016,16329.66992,16416.58008,1
05/02/2016,16417.94922,16204.96973,0
08/02/2016,16147.50977,16027.04981,0
09/02/2016,16005.41016,16014.37988,1
10/02/2016,16035.61035,15914.74023,0
11/02/2016,15897.82031,15660.17969,0
12/02/2016,15691.62012,15973.83984,1
16/02/2016,16012.38965,16196.41016,1
17/02/2016,16217.98047,16453.83008,1
18/02/2016,16483.75977,16413.42969,0
19/02/2016,16410.96094,16391.99023,0
22/02/2016,16417.13086,16620.66016,1
23/02/2016,16610.39063,16431.7793,0
24/02/2016,16418.83984,16484.99023,1
25/02/2016,16504.38086,16697.28906,1
26/02/2016,16712.69922,16639.9707,0
29/02/2016,16634.15039,16516.5,0
01/03/2016,16545.66992,16865.08008,1
02/03/2016,16851.16992,16899.32031,1
03/03/2016,16896.16992,16943.90039,1
04/03/2016,16945,17006.76953,1
07/03/2016,16991.28906,17073.94922,1
08/03/2016,17050.66992,16964.09961,0
09/03/2016,16969.16992,17000.35938,1
10/03/2016,17006.05078,16995.13086,0
11/03/2016,17014.99023,17213.31055,1
14/03/2016,17207.49023,17229.13086,1
15/03/2016,17217.15039,17251.5293,1
16/03/2016,17249.33984,17325.75977,1
17/03/2016,17321.38086,17481.49023,1
18/03/2016,17481.49023,17602.30078,1
21/03/2016,17589.69922,17623.86914,1
22/03/2016,17602.71094,17582.57031,0
23/03/2016,17588.81055,17502.58984,0
24/03/2016,17485.33008,17515.73047,1
28/03/2016,17526.08008,17535.39063,1
29/03/2016,17512.58008,17633.10938,1
30/03/2016,17652.35938,17716.66016,1
31/03/2016,17716.05078,17685.08984,0
01/04/2016,17661.74023,17792.75,1
04/04/2016,17799.39063,17737,0
05/04/2016,17718.0293,17603.32031,0
06/04/2016,17605.44922,17716.05078,1
07/04/2016,17687.2793,17541.96094,0
08/04/2016,17555.39063,17576.96094,1
11/04/2016,17586.48047,17556.41016,0
12/04/2016,17571.33984,17721.25,1
13/04/2016,17741.66016,17908.2793,1
14/04/2016,17912.25,17926.42969,1
15/04/2016,17925.94922,17897.46094,0
18/04/2016,17890.19922,18004.16016,1
19/04/2016,18012.09961,18053.59961,1
20/04/2016,18059.49023,18096.26953,1
21/04/2016,18092.83984,17982.51953,0
22/04/2016,17985.05078,18003.75,1
25/04/2016,17990.93945,17977.24023,0
26/04/2016,17987.38086,17990.32031,1
27/04/2016,17996.14063,18041.55078,1
28/04/2016,18023.88086,17830.75977,0
29/04/2016,17813.08984,17773.64063,0
02/05/2016,17783.7793,17891.16016,1
03/05/2016,17870.75,17750.91016,0
04/05/2016,17735.01953,17651.25977,0
05/05/2016,17664.48047,17660.71094,0
06/05/2016,17650.30078,17740.63086,1
09/05/2016,17743.84961,17705.91016,0
10/05/2016,17726.66016,17928.34961,1
11/05/2016,17919.0293,17711.11914,0
12/05/2016,17711.11914,17720.5,1
13/05/2016,17711.11914,17535.32031,0
16/05/2016,17531.75977,17710.71094,1
17/05/2016,17701.46094,17529.98047,0
18/05/2016,17501.2793,17526.61914,1
19/05/2016,17514.16016,17435.40039,0
20/05/2016,17437.32031,17500.93945,1
23/05/2016,17507.03906,17492.92969,0
24/05/2016,17525.18945,17706.05078,1
25/05/2016,17735.08984,17851.50977,1
26/05/2016,17859.51953,17828.28906,0
27/05/2016,17826.84961,17873.2207,1
31/05/2016,17891.5,17787.19922,0
01/06/2016,17754.55078,17789.66992,1
02/06/2016,17789.05078,17838.56055,1
03/06/2016,17799.80078,17807.06055,1
06/06/2016,17825.68945,17920.33008,1
07/06/2016,17936.2207,17938.2793,1
08/06/2016,17931.91016,18005.05078,1
09/06/2016,17969.98047,17985.18945,1
10/06/2016,17938.82031,17865.33984,0
13/06/2016,17830.5,17732.48047,0
14/06/2016,17710.76953,17674.82031,0
15/06/2016,17703.65039,17640.16992,0
16/06/2016,17602.23047,17733.09961,1
17/06/2016,17733.43945,17675.16016,0
20/06/2016,17736.86914,17804.86914,1
21/06/2016,17827.33008,17829.73047,1
22/06/2016,17832.66992,17780.83008,0
23/06/2016,17844.10938,18011.07031,1
24/06/2016,17946.63086,17400.75,0
27/06/2016,17355.21094,17140.24023,0
28/06/2016,17190.50977,17409.7207,1
29/06/2016,17456.01953,17694.67969,1
30/06/2016,17712.75977,17929.99023,1
01/07/2016,17924.24023,17949.36914,1
02/01/2025,"19,403.90","19,280.79",0
03/01/2025,"19,395.51","19,621.68",1
06/01/2025,"19,851.99","19,864.98",1
07/01/2025,"19,938.08","19,489.68",0
08/01/2025,"19,469.37","19,478.88",1
10/01/2025,"19,312.26","19,161.63",0
13/01/2025,"18,903.66","19,088.10",1
14/01/2025,"19,207.75","19,044.39",0
15/01/2025,"19,350.31","19,511.23",1
16/01/2025,"19,573.87","19,338.29",0
17/01/2025,"19,655.55","19,630.20",0
21/01/2025,"19,734.39","19,756.78",1
22/01/2025,"19,903.05","20,009.34",1
23/01/2025,"19,906.99","20,053.68",1
24/01/2025,"20,087.11","19,954.30",0
27/01/2025,"19,234.04","19,341.83",1
28/01/2025,"19,418.22","19,733.59",1
29/01/2025,"19,695.68","19,632.32",0
30/01/2025,"19,697.53","19,681.75",0
31/01/2025,"19,832.33","19,627.44",0
03/02/2025,"19,215.38","19,391.96",1
04/02/2025,"19,422.17","19,654.02",1
05/02/2025,"19,533.05","19,692.33",1
06/02/2025,"19,725.83","19,791.99",1
07/02/2025,"19,774.87","19,523.40",0
10/02/2025,"19,668.18","19,714.27",1
11/02/2025,"19,602.11","19,643.86",1
12/02/2025,"19,436.51","19,649.95",1
13/02/2025,"19,696.92","19,945.64",1
14/02/2025,"19,956.82","20,026.77",1
18/02/2025,"20,090.55","20,041.26",0
19/02/2025,"19,994.50","20,056.25",1
20/02/2025,"20,029.19","19,962.36",0
21/02/2025,"20,006.69","19,524.01",0
24/02/2025,"19,590.85","19,286.93",0
25/02/2025,"19,242.61","19,026.39",0
26/02/2025,"19,109.32","19,075.26",0
27/02/2025,"19,212.36","18,544.42",0
28/02/2025,"18,477.17","18,847.28",1
03/03/2025,"18,923.36","18,350.19",0
04/03/2025,"18,176.43","18,285.16",1
05/03/2025,"18,312.96","18,552.73",1
06/03/2025,"18,204.53","18,069.26",0
07/03/2025,"18,029.85","18,196.22",1
10/03/2025,"17,840.32","17,468.32",0
11/03/2025,"17,443.09","17,436.10",0
12/03/2025,"17,711.41","17,648.45",0
13/03/2025,"17,598.56","17,303.01",0
14/03/2025,"17,523.30","17,754.09",1
17/03/2025,"17,722.54","17,808.66",1
18/03/2025,"17,662.57","17,504.12",0
19/03/2025,"17,590.12","17,750.79",1
20/03/2025,"17,586.06","17,691.63",1
21/03/2025,"17,519.84","17,784.05",1
24/03/2025,"18,046.19","18,188.59",1
25/03/2025,"18,207.97","18,271.86",1
26/03/2025,"18,217.33","17,899.02",0
27/03/2025,"17,811.24","17,804.03",0
28/03/2025,"17,722.09","17,322.99",0
31/03/2025,"17,045.44","17,299.29",1
01/04/2025,"17,221.55","17,449.89",1
02/04/2025,"17,207.01","17,601.05",1
03/04/2025,"16,790.53","16,550.61",0
04/04/2025,"16,045.60","15,587.79",0
07/04/2025,"14,978.03","15,603.26",1
08/04/2025,"16,181.04","15,267.91",0
09/04/2025,"15,295.44","17,124.97",1
10/04/2025,"16,635.45","16,387.31",0
11/04/2025,"16,358.53","16,724.46",1
14/04/2025,"17,120.44","16,831.48",0
15/04/2025,"16,842.39","16,823.17",0
16/04/2025,"16,499.69","16,307.16",0
17/04/2025,"16,399.97","16,286.45",0
21/04/2025,"16,052.76","15,870.90",0
22/04/2025,"16,079.94","16,300.42",1
23/04/2025,"16,880.29","16,708.05",0
24/04/2025,"16,754.76","17,166.04",1
25/04/2025,"17,182.11","17,382.94",1
28/04/2025,"17,390.93","17,366.13",0
29/04/2025,"17,270.76","17,461.32",1
30/04/2025,"17,099.98","17,446.34",1
01/05/2025,"17,793.14","17,710.74",0
02/05/2025,"17,868.76","17,977.73",1
05/05/2025,"17,817.01","17,844.24",1
06/05/2025,"17,623.21","17,689.66",1
07/05/2025,"17,706.83","17,738.16",1
08/05/2025,"17,920.15","17,928.14",1
09/05/2025,"18,022.55","17,928.92",0
12/05/2025,"18,674.55","18,708.34",1
13/05/2025,"18,761.23","19,010.09",1
14/05/2025,"19,074.72","19,146.81",1
15/05/2025,"19,031.24","19,112.32",1
16/05/2025,"19,151.54","19,211.10",1
19/05/2025,"18,937.42","19,215.46",1
20/05/2025,"19,132.06","19,142.71",1
21/05/2025,"19,002.94","18,872.64",0
22/05/2025,"18,888.05","18,925.73",1
23/05/2025,"18,622.38","18,737.21",1
27/05/2025,"19,014.44","19,199.16",1
28/05/2025,"19,232.62","19,100.94",0
29/05/2025,"19,389.39","19,175.87",0
30/05/2025,"19,131.22","19,113.77",0
02/06/2025,"19,063.06","19,242.61",1
03/06/2025,"19,288.66","19,398.96",1
04/06/2025,"19,434.94","19,460.49",1
05/06/2025,"19,518.20","19,298.45",0
06/06/2025,"19,526.99","19,529.95",1
09/06/2025,"19,573.14","19,591.24",1
10/06/2025,"19,620.11","19,714.99",1
11/06/2025,"19,779.36","19,615.88",0
12/06/2025,"19,578.87","19,662.48",1
13/06/2025,"19,450.93","19,406.83",0
16/06/2025,"19,550.75","19,701.21",1
17/06/2025,"19,627.08","19,521.09",0
18/06/2025,"19,526.92","19,580.13",1
20/06/2025,19639.41,19447.41,0
